idx,job_id,node,forecast_id,allocated_time,carbon_emissions,throughput
0,1,jgoldverg@gmail.com_system76,0,10.950163298067455,0.8650532407407407,730956161.7277937
1,2,jgoldverg@gmail.com_system76,0,3589.0498367019327,1072.207040972222,8537364631.655718
2,2,jgoldverg@gmail.com_system76,1,3600.0,1093.602138587963,8537364631.655718
3,2,jgoldverg@gmail.com_system76,23,2237.4683432594857,1104.1551850992064,8537364631.655718
4,3,jgoldverg@gmail.com_system76,23,104.1736090076056,11.814253505291004,7720952503.681586
