idx,job_id,node,forecast_id,allocated_time,carbon_emissions
0,1,jgoldverg@gmail.com_system76,19,10.874699596804417,2.247531436170213
1,3,jgoldverg@gmail.com_system76,19,96.60665835969104,26.194236873522456
2,2,jgoldverg@gmail.com_system76,17,3600.0,2423.050503280142
3,2,jgoldverg@gmail.com_system76,18,3600.0,2423.7297235815604
4,2,jgoldverg@gmail.com_system76,16,1469.8025346483519,2426.174916666667
