idx,job_id,node,forecast_id,allocated_time,carbon_emissions
0,1,jgoldverg@gmail.com_ccuc,1,10.870253362280168,1.3462222222222222
1,3,jgoldverg@gmail.com_ccuc,1,96.60221212516677,15.639788444444445
2,2,jgoldverg@gmail.com_ccuc,0,3600.0,1446.1639970555557
3,2,jgoldverg@gmail.com_ccuc,2,3600.0,1452.3657188333334
4,2,jgoldverg@gmail.com_ccuc,3,1469.798088413827,1474.4593526666667
