job_id,node,forecast_id,allocated_time,carbon_emissions,throughput
1,jgoldverg@gmail.com_system76,0,10.94456879751864,0.0026298985296676364,730956161.7277937
2,jgoldverg@gmail.com_ccuc,0,3600.0,989.8086954861111,8486696622.5197935
2,jgoldverg@gmail.com_ccuc,1,3600.0,1009.5595951273148,8486696622.5197935
3,jgoldverg@gmail.com_ccuc,23,104.1736090076056,0.3176346361318861,7679488189.1976385
2,jgoldverg@gmail.com_ccuc,23,2264.399064,641.1404712902721,8486696622.5197935
