idx,job_id,node,forecast_id,allocated_time,carbon_emissions,throughput
0,2,jgoldverg@gmail.com_tacc,15,3600.0,1311.0334885493826,8452728949.556927
1,2,jgoldverg@gmail.com_tacc,16,3600.0,1279.8385572530863,8452728949.556927
2,2,jgoldverg@gmail.com_tacc,17,2226.5181799614184,1199.878477339181,8452728949.556927
3,3,jgoldverg@gmail.com_tacc,6,104.1736090076056,12.91018587191358,7651664266.499513
4,1,jgoldverg@gmail.com_tacc,19,10.950163298067455,1.0050982748538013,730330062.4019738
