idx,job_id,node,forecast_id,allocated_time,carbon_emissions
0,1,jgoldverg@gmail.com_tacc,24,10.874699596804417,2.7760081914893617
1,3,jgoldverg@gmail.com_tacc,24,96.60665835969104,31.91746771276596
2,2,jgoldverg@gmail.com_tacc,0,3600.0,2885.9084032387705
3,2,jgoldverg@gmail.com_tacc,23,3600.0,2881.0841303782504
4,2,jgoldverg@gmail.com_tacc,1,1469.8025346483519,2855.6857526713948
