idx,job_id,node,forecast_id,allocated_time,carbon_emissions,throughput,transfer_time,deadline,extendable
0,9,jgoldverg@gmail.com-ccuc,0,10.007495403332104,1.036883653846154,1071.1970945728,10.007495403332104,2,True
1,4,jgoldverg@gmail.com-ccuc,0,10.031020374697992,1.040214188034188,19925412.224677853,10.031020374697992,4,True
2,8,jgoldverg@gmail.com-ccuc,0,10.00960908959116,1.0371555341880343,1795075.09625772,10.00960908959116,7,False
3,5,jgoldverg@gmail.com-ccuc,0,213.7785453899983,29.852733418803417,8098011676.9425535,213.7785453899983,10,False
4,6,jgoldverg@gmail.com-ccuc,0,10.01802604523243,1.0383789957264955,8931507.22467742,10.01802604523243,20,False
5,7,jgoldverg@gmail.com-ccuc,0,88.01353415892083,12.067884764957263,7529719561.213968,88.01353415892083,22,True
6,3,jgoldverg@gmail.com-ccuc,0,10.04764607565197,1.042593141025641,33950187.081790246,10.04764607565197,25,True
7,2,jgoldverg@gmail.com-ccuc,0,44.40611244592216,5.90123079059829,6581096736.263313,44.40611244592216,25,True
8,1,jgoldverg@gmail.com-ccuc,0,2969.8449551456947,419.5961941880342,8467088826.92039,2969.8449551456947,25,False
