idx,job_id,node,forecast_id,allocated_time,carbon_emissions,throughput,transfer_time,deadline,extendable
0,9,jgoldverg@gmail.com-cali,1,10.008513625731968,0.8749145719489982,1071.0881156657265,10.008513625731968,2,True
1,8,jgoldverg@gmail.com-cali,1,10.01068192101032,0.8753026639344262,1794882.7204557306,10.01068192101032,7,False
2,6,jgoldverg@gmail.com-cali,1,10.019316336405168,0.876544558287796,8930357.021954568,10.019316336405168,20,False
3,4,jgoldverg@gmail.com-cali,1,10.032646386267018,0.8784073998178507,19922182.87226698,10.032646386267018,4,True
4,3,jgoldverg@gmail.com-cali,1,10.04970162742372,0.8808911885245903,33943242.95849242,10.04970162742372,25,True
5,2,jgoldverg@gmail.com-tacc,24,44.54513671992222,5.365666898148149,6560557295.524006,44.54513671992222,25,True
6,7,jgoldverg@gmail.com-tacc,24,88.327983081531,10.96631550925926,7502913648.512498,88.327983081531,22,True
7,5,jgoldverg@gmail.com-tacc,24,214.59892385478275,27.119064583333333,8067054231.919054,214.59892385478275,10,False
8,1,jgoldverg@gmail.com-tacc,24,2981.7524825976298,381.0957921296297,8433275794.741176,2981.7524825976298,25,False
