idx,job_id,node,forecast_id,allocated_time,carbon_emissions,throughput,transfer_time,deadline,extendable
0,9,jgoldverg@gmail.com-cali,0,10.008513625731968,0.8765057923497267,1071.0881156657265,10.008513625731968,2,True
1,4,jgoldverg@gmail.com-ccuc,0,10.031020374697992,1.040214188034188,19925412.224677853,10.031020374697992,4,True
2,8,jgoldverg@gmail.com-tacc,0,10.010262547852252,1.0145046527777777,1794957.9158495814,10.010262547852252,7,False
3,5,jgoldverg@gmail.com-cali,0,219.04417521361037,30.90312770491803,7903342579.914596,219.04417521361037,10,False
4,6,jgoldverg@gmail.com-ccuc,0,10.01802604523243,1.0383789957264955,8931507.22467742,10.01802604523243,20,False
5,7,jgoldverg@gmail.com-tacc,0,88.327983081531,11.73744511574074,7502913648.512498,88.327983081531,22,True
6,1,jgoldverg@gmail.com-cali,0,3046.3160834709856,437.0226621311475,8254541009.004097,3046.3160834709856,25,False
7,2,jgoldverg@gmail.com-ccuc,0,44.40611244592216,5.90123079059829,6581096736.263313,44.40611244592216,25,True
8,3,jgoldverg@gmail.com-tacc,0,10.04845254972211,1.0197633333333334,33947462.28954762,10.04845254972211,25,True
