idx,job_id,node,forecast_id,allocated_time,carbon_emissions,throughput,transfer_time,deadline,extendable
0,1,jgoldverg@gmail.com-cali,10,3046.3160834709856,541.2109531557377,8254541009.004097,3046.3160834709856,25,False
1,5,jgoldverg@gmail.com-cali,10,219.04417521361037,38.270581024590165,7903342579.914596,219.04417521361037,10,False
2,7,jgoldverg@gmail.com-cali,10,90.02990979653818,15.32050075136612,7361078460.5438175,90.02990979653818,22,True
3,2,jgoldverg@gmail.com-cali,10,45.29585042689383,7.362738278688525,6451825474.82287,45.29585042689383,25,True
4,3,jgoldverg@gmail.com-ccuc,17,10.04764607565197,1.2811998076923077,33950187.081790246,10.04764607565197,25,True
5,4,jgoldverg@gmail.com-ccuc,17,10.031020374697992,1.27827641025641,19925412.224677853,10.031020374697992,4,True
6,6,jgoldverg@gmail.com-ccuc,17,10.01802604523243,1.2760212179487178,8931507.22467742,10.01802604523243,20,False
7,8,jgoldverg@gmail.com-ccuc,17,10.00960908959116,1.2745177564102563,1795075.09625772,10.00960908959116,7,False
8,9,jgoldverg@gmail.com-ccuc,17,10.007495403332104,1.2741836538461535,1071.1970945728,10.007495403332104,2,True
