{
    "hosts": {
        "destination": 1087.0253362280168,
        "jgoldverg@gmail.com_ccuc": 1087.0253362280168,
        "router1": 326.10760086840503,
        "router2": 326.10760086840503,
        "router3": 326.10760086840503,
        "router4": 326.10760086840503,
        "router5": 326.10760086840503,
        "router6": 326.10760086840503,
        "router7": 326.10760086840503,
        "router8": 326.10760086840503
    },
    "links": {
        "__loopback__": 0.0,
        "link1": 913.1329370964219,
        "link2": 913.1329370964219,
        "link3": 913.1329370964219,
        "link4": 913.1329370964219,
        "link5": 913.1329370964219,
        "link6": 913.1329370964219,
        "link7": 913.1329370964219,
        "link8": 913.1329370964219,
        "link9": 913.1329370964219
    },
    "total_energy_hosts": 4782.911479403273,
    "total_link_energy": 8218.196433867797,
    "transfer_duration": 10.870253362280168
}