{
    "hosts": {
        "jgoldverg@gmail.com-cali": 22116.69407934163,
        "jgoldverg@gmail.com-macmini": 3115.970396718872,
        "router1": 31159.70396708144,
        "router2": 31159.70396708144,
        "router3": 31159.70396708144,
        "router4": 31159.70396708144,
        "router5": 31159.70396708144,
        "router6": 31159.70396708144,
        "router7": 31159.70396708144,
        "router8": 31159.70396708144
    },
    "links": {
        "__loopback__": 0.0,
        "link1": 80165.23031439586,
        "link2": 52886.496744036864,
        "link3": 52886.496744036864,
        "link4": 52886.496744036864,
        "link5": 52886.496744036864,
        "link6": 52886.496744036864,
        "link7": 52886.496744036864,
        "link8": 52886.496744036864,
        "link9": 80165.23031439586
    },
    "total_energy_hosts": 274510.296212712,
    "total_link_energy": 530535.9378370496,
    "transfer_duration": 623.1940793416288
}