{
    "hosts": {
        "destination": 634.2597979761427,
        "jgoldverg@gmail.com_tacc": 636.4757733262621,
        "router1": 528.5498316343701,
        "router2": 528.5498316343701,
        "router3": 528.5498316343701,
        "router4": 528.5498316343701,
        "router5": 528.5498316343701,
        "router6": 528.5498316343701,
        "router7": 528.5498316343701,
        "router8": 528.5498316343701
    },
    "links": {
        "__loopback__": 0.0,
        "link1": 871.8658551774513,
        "link2": 871.8658551774513,
        "link3": 871.8658551774513,
        "link4": 871.8658551774513,
        "link5": 871.8658551774513,
        "link6": 871.8658551774513,
        "link7": 871.8658551774513,
        "link8": 871.8658551774513,
        "link9": 871.8658551774513
    },
    "total_energy_hosts": 5499.134224377365,
    "total_link_energy": 7846.792696597063,
    "transfer_duration": 10.570996632687402
}