{
    "hosts": {
        "destination": 886.3075808253859,
        "jgoldverg@gmail.com_ccuc": 1305.1019254623632,
        "router1": 4923.93100448642,
        "router2": 4923.93100448642,
        "router3": 4923.93100448642,
        "router4": 4923.93100448642,
        "router5": 4923.93100448642,
        "router6": 4923.93100448642,
        "router7": 4923.93100448642,
        "router8": 4923.93100448642
    },
    "links": {
        "__loopback__": 0.0,
        "link1": 11946.745305841763,
        "link2": 11946.745305841763,
        "link3": 11946.745305841763,
        "link4": 11946.745305841763,
        "link5": 11946.745305841763,
        "link6": 11946.745305841763,
        "link7": 11946.745305841763,
        "link8": 11946.745305841763,
        "link9": 11946.745305841763
    },
    "total_energy_hosts": 41582.857542179096,
    "total_link_energy": 107520.70775257585,
    "transfer_duration": 98.4786200897284
}