{
    "hosts": {
        "destination": 600.5107399508008,
        "jgoldverg@gmail.com_tacc": 600.5107399396268,
        "router1": 500.4256166132518,
        "router2": 500.4256166132518,
        "router3": 500.4256166132518,
        "router4": 500.4256166132518,
        "router5": 500.4256166132518,
        "router6": 500.4256166132518,
        "router7": 500.4256166132518,
        "router8": 500.4256166132518
    },
    "links": {
        "__loopback__": 0.0,
        "link1": 801.1066031745898,
        "link2": 801.1066031745898,
        "link3": 801.1066031745898,
        "link4": 801.1066031745898,
        "link5": 801.1066031745898,
        "link6": 801.1066031745898,
        "link7": 801.1066031745898,
        "link8": 801.1066031745898,
        "link9": 801.1066031745898
    },
    "total_energy_hosts": 5204.426412796442,
    "total_link_energy": 7209.959428571307,
    "transfer_duration": 10.008512332265036
}