{
    "hosts": {
        "destination": 10.010613853069371,
        "jgoldverg@gmail.com_system76": 10.342635657213524,
        "router1": 500.53066306728005,
        "router2": 500.53066306728005,
        "router3": 500.53066306728005,
        "router4": 500.53066306728005,
        "router5": 500.53066306728005,
        "router6": 500.53066306728005,
        "router7": 500.53066306728005,
        "router8": 500.53066306728005
    },
    "links": {
        "__loopback__": 0.0,
        "link1": 801.371859742272,
        "link2": 801.371859742272,
        "link3": 801.371859742272,
        "link4": 801.371859742272,
        "link5": 801.371859742272,
        "link6": 801.371859742272,
        "link7": 801.371859742272,
        "link8": 801.371859742272,
        "link9": 801.371859742272
    },
    "total_energy_hosts": 4024.5985540485226,
    "total_link_energy": 7212.346737680448,
    "transfer_duration": 10.0106132613456
}