{
    "hosts": {
        "destination": 12374.731675466392,
        "jgoldverg@gmail.com_system76": 1966445.0169748832,
        "router1": 618736.5837437529,
        "router2": 618736.5837437529,
        "router3": 618736.5837437529,
        "router4": 618736.5837437529,
        "router5": 618736.5837437529,
        "router6": 618736.5837437529,
        "router7": 618736.5837437529,
        "router8": 618736.5837437529
    },
    "links": {
        "__loopback__": 0.0,
        "link1": 1561931.3846064764,
        "link2": 1561931.3846064764,
        "link3": 1561931.3846064764,
        "link4": 1561931.3846064764,
        "link5": 1561931.3846064764,
        "link6": 1561931.3846064764,
        "link7": 1561931.3846064764,
        "link8": 1561931.3846064764,
        "link9": 1561931.3846064764
    },
    "total_energy_hosts": 6928712.418600373,
    "total_link_energy": 14057382.46145829,
    "transfer_duration": 12374.731674875058
}