{
    "hosts": {
        "destination": 600.5107423900336,
        "jgoldverg@gmail.com_tacc": 600.5107425390204,
        "router1": 500.42561864594575,
        "router2": 500.42561864594575,
        "router3": 500.42561864594575,
        "router4": 500.42561864594575,
        "router5": 500.42561864594575,
        "router6": 500.42561864594575,
        "router7": 500.42561864594575,
        "router8": 500.42561864594575
    },
    "links": {
        "__loopback__": 0.0,
        "link1": 801.1066082887558,
        "link2": 801.1066082887558,
        "link3": 801.1066082887558,
        "link4": 801.1066082887558,
        "link5": 801.1066082887558,
        "link6": 801.1066082887558,
        "link7": 801.1066082887558,
        "link8": 801.1066082887558,
        "link9": 801.1066082887558
    },
    "total_energy_hosts": 5204.42643409662,
    "total_link_energy": 7209.959474598801,
    "transfer_duration": 10.008512372918915
}