{
    "hosts": {
        "jgoldverg@gmail.com-cali": 315819.80232676433,
        "jgoldverg@gmail.com-macmini": 43849.01163383229,
        "router1": 438490.1163382155,
        "router2": 438490.1163382155,
        "router3": 438490.1163382155,
        "router4": 438490.1163382155,
        "router5": 438490.1163382155,
        "router6": 438490.1163382155,
        "router7": 438490.1163382155,
        "router8": 438490.1163382155
    },
    "links": {
        "__loopback__": 0.0,
        "link1": 1134574.3024793442,
        "link2": 744883.1977749647,
        "link3": 744883.1977749647,
        "link4": 744883.1977749647,
        "link5": 744883.1977749647,
        "link6": 744883.1977749647,
        "link7": 744883.1977749647,
        "link8": 744883.1977749647,
        "link9": 1134574.3024793442
    },
    "total_energy_hosts": 3867589.74466632,
    "total_link_energy": 7483330.989383441,
    "transfer_duration": 8769.80232676431
}