{
    "hosts": {
        "destination": 614.2825688306543,
        "jgoldverg@gmail.com_tacc": 615.1868320867628,
        "router1": 511.90214067979645,
        "router2": 511.90214067979645,
        "router3": 511.90214067979645,
        "router4": 511.90214067979645,
        "router5": 511.90214067979645,
        "router6": 511.90214067979645,
        "router7": 511.90214067979645,
        "router8": 511.90214067979645
    },
    "links": {
        "__loopback__": 0.0,
        "link1": 829.9810182625046,
        "link2": 829.9810182625046,
        "link3": 829.9810182625046,
        "link4": 829.9810182625046,
        "link5": 829.9810182625046,
        "link6": 829.9810182625046,
        "link7": 829.9810182625046,
        "link8": 829.9810182625046,
        "link9": 829.9810182625046
    },
    "total_energy_hosts": 5324.686526355789,
    "total_link_energy": 7469.82916436254,
    "transfer_duration": 10.238042813595928
}