{
    "hosts": {
        "destination": 17802.724552794592,
        "jgoldverg@gmail.com_ccuc": 27119.062484857117,
        "router1": 98904.02529320425,
        "router2": 98904.02529320425,
        "router3": 98904.02529320425,
        "router4": 98904.02529320425,
        "router5": 98904.02529320425,
        "router6": 98904.02529320425,
        "router7": 98904.02529320425,
        "router8": 98904.02529320425
    },
    "links": {
        "__loopback__": 0.0,
        "link1": 248742.69881731403,
        "link2": 248742.69881731403,
        "link3": 248742.69881731403,
        "link4": 248742.69881731403,
        "link5": 248742.69881731403,
        "link6": 248742.69881731403,
        "link7": 248742.69881731403,
        "link8": 248742.69881731403,
        "link9": 248742.69881731403
    },
    "total_energy_hosts": 836153.9893832856,
    "total_link_energy": 2238684.2893558266,
    "transfer_duration": 1978.080505864085
}