{
    "hosts": {
        "destination": 90.07661107584383,
        "jgoldverg@gmail.com_ccuc": 90.07661109813151,
        "router1": 500.42561698896515,
        "router2": 500.42561698896515,
        "router3": 500.42561698896515,
        "router4": 500.42561698896515,
        "router5": 500.42561698896515,
        "router6": 500.42561698896515,
        "router7": 500.42561698896515,
        "router8": 500.42561698896515
    },
    "links": {
        "__loopback__": 0.0,
        "link1": 801.1066041221228,
        "link2": 801.1066041221228,
        "link3": 801.1066041221228,
        "link4": 801.1066041221228,
        "link5": 801.1066041221228,
        "link6": 801.1066041221228,
        "link7": 801.1066041221228,
        "link8": 801.1066041221228,
        "link9": 801.1066041221228
    },
    "total_energy_hosts": 4183.558158085696,
    "total_link_energy": 7209.959437099105,
    "transfer_duration": 10.008512339779303
}