{
    "hosts": {
        "jgoldverg@gmail.com-macmini": 3108.779416496309,
        "jgoldverg@gmail.com-tacc": 37566.08005384603,
        "router1": 31087.794164855808,
        "router10": 31087.794164855808,
        "router2": 31087.794164855808,
        "router3": 31087.794164855808,
        "router4": 31087.794164855808,
        "router5": 31087.794164855808,
        "router6": 31087.794164855808,
        "router7": 31087.794164855808,
        "router8": 31087.794164855808,
        "router9": 31087.794164855808
    },
    "links": {
        "__loopback__": 0.0,
        "link1": 52771.43919427791,
        "link10": 52771.43919427791,
        "link11": 80050.15596885551,
        "link2": 52771.43919427791,
        "link3": 52771.43919427791,
        "link4": 52771.43919427791,
        "link5": 52771.43919427791,
        "link6": 52771.43919427791,
        "link7": 52771.43919427791,
        "link8": 52771.43919427791,
        "link9": 52771.43919427791
    },
    "total_energy_hosts": 351552.8011189004,
    "total_link_energy": 607764.5479116346,
    "transfer_duration": 621.7558832971162
}