{
    "hosts": {
        "destination": 750.0166493291485,
        "jgoldverg@gmail.com_tacc": 759.8332614231592,
        "router1": 625.0138744285416,
        "router2": 625.0138744285416,
        "router3": 625.0138744285416,
        "router4": 625.0138744285416,
        "router5": 625.0138744285416,
        "router6": 625.0138744285416,
        "router7": 625.0138744285416,
        "router8": 625.0138744285416
    },
    "links": {
        "__loopback__": 0.0,
        "link1": 1114.5650205821462,
        "link2": 1114.5650205821462,
        "link3": 1114.5650205821462,
        "link4": 1114.5650205821462,
        "link5": 1114.5650205821462,
        "link6": 1114.5650205821462,
        "link7": 1114.5650205821462,
        "link8": 1114.5650205821462,
        "link9": 1114.5650205821462
    },
    "total_energy_hosts": 6509.9609061806395,
    "total_link_energy": 10031.085185239313,
    "transfer_duration": 12.500277488570832
}