{
    "hosts": {
        "destination": 373.48549450559005,
        "jgoldverg@gmail.com_ccuc": 522.5503288576404,
        "router1": 2074.919413820889,
        "router2": 2074.919413820889,
        "router3": 2074.919413820889,
        "router4": 2074.919413820889,
        "router5": 2074.919413820889,
        "router6": 2074.919413820889,
        "router7": 2074.919413820889,
        "router8": 2074.919413820889
    },
    "links": {
        "__loopback__": 0.0,
        "link1": 4768.26329555217,
        "link2": 4768.26329555217,
        "link3": 4768.26329555217,
        "link4": 4768.26329555217,
        "link5": 4768.26329555217,
        "link6": 4768.26329555217,
        "link7": 4768.26329555217,
        "link8": 4768.26329555217,
        "link9": 4768.26329555217
    },
    "total_energy_hosts": 17495.391133930345,
    "total_link_energy": 42914.36965996953,
    "transfer_duration": 41.498388276417785
}