{
    "hosts": {
        "destination": 90.07667925608206,
        "jgoldverg@gmail.com_ccuc": 90.07671513919308,
        "router1": 500.42599576806646,
        "router2": 500.42599576806646,
        "router3": 500.42599576806646,
        "router4": 500.42599576806646,
        "router5": 500.42599576806646,
        "router6": 500.42599576806646,
        "router7": 500.42599576806646,
        "router8": 500.42599576806646
    },
    "links": {
        "__loopback__": 0.0,
        "link1": 801.1075585088912,
        "link2": 801.1075585088912,
        "link3": 801.1075585088912,
        "link4": 801.1075585088912,
        "link5": 801.1075585088912,
        "link6": 801.1075585088912,
        "link7": 801.1075585088912,
        "link8": 801.1075585088912,
        "link9": 801.1075585088912
    },
    "total_energy_hosts": 4183.561360539807,
    "total_link_energy": 7209.968026580021,
    "transfer_duration": 10.00851991536133
}