{
    "hosts": {
        "destination": 10.008513835660892,
        "jgoldverg@gmail.com_system76": 10.008657476208574,
        "router1": 500.4256621968561,
        "router2": 500.4256621968561,
        "router3": 500.4256621968561,
        "router4": 500.4256621968561,
        "router5": 500.4256621968561,
        "router6": 500.4256621968561,
        "router7": 500.4256621968561,
        "router8": 500.4256621968561
    },
    "links": {
        "__loopback__": 0.0,
        "link1": 801.1067182815525,
        "link2": 801.1067182815525,
        "link3": 801.1067182815525,
        "link4": 801.1067182815525,
        "link5": 801.1067182815525,
        "link6": 801.1067182815525,
        "link7": 801.1067182815525,
        "link8": 801.1067182815525,
        "link9": 801.1067182815525
    },
    "total_energy_hosts": 4023.4224688867184,
    "total_link_energy": 7209.960464533971,
    "transfer_duration": 10.008513243937122
}