{
    "hosts": {
        "destination": 600.5107408016961,
        "jgoldverg@gmail.com_tacc": 600.5107408463923,
        "router1": 500.4256173223312,
        "router2": 500.4256173223312,
        "router3": 500.4256173223312,
        "router4": 500.4256173223312,
        "router5": 500.4256173223312,
        "router6": 500.4256173223312,
        "router7": 500.4256173223312,
        "router8": 500.4256173223312
    },
    "links": {
        "__loopback__": 0.0,
        "link1": 801.1066049586015,
        "link2": 801.1066049586015,
        "link3": 801.1066049586015,
        "link4": 801.1066049586015,
        "link5": 801.1066049586015,
        "link6": 801.1066049586015,
        "link7": 801.1066049586015,
        "link8": 801.1066049586015,
        "link9": 801.1066049586015
    },
    "total_energy_hosts": 5204.426420226738,
    "total_link_energy": 7209.959444627413,
    "transfer_duration": 10.008512346446624
}