{
    "hosts": {
        "destination": 600.5113881059998,
        "jgoldverg@gmail.com_tacc": 600.5114306529308,
        "router1": 500.4261567425843,
        "router2": 500.4261567425843,
        "router3": 500.4261567425843,
        "router4": 500.4261567425843,
        "router5": 500.4261567425843,
        "router6": 500.4261567425843,
        "router7": 500.4261567425843,
        "router8": 500.4261567425843
    },
    "links": {
        "__loopback__": 0.0,
        "link1": 801.1079621155424,
        "link2": 801.1079621155424,
        "link3": 801.1079621155424,
        "link4": 801.1079621155424,
        "link5": 801.1079621155424,
        "link6": 801.1079621155424,
        "link7": 801.1079621155424,
        "link8": 801.1079621155424,
        "link9": 801.1079621155424
    },
    "total_energy_hosts": 5204.432072699606,
    "total_link_energy": 7209.971659039881,
    "transfer_duration": 10.008523134851686
}