{
    "hosts": {
        "destination": 5796.399501581463,
        "jgoldverg@gmail.com_tacc": 5796.399501581463,
        "router1": 4830.332917984552,
        "router10": 4830.332917984552,
        "router11": 4830.332917984552,
        "router12": 4830.332917984552,
        "router13": 4830.332917984552,
        "router14": 4830.332917984552,
        "router2": 4830.332917984552,
        "router3": 4830.332917984552,
        "router4": 4830.332917984552,
        "router5": 4830.332917984552,
        "router6": 4830.332917984552,
        "router7": 4830.332917984552,
        "router8": 4830.332917984552,
        "router9": 4830.332917984552
    },
    "links": {
        "__loopback__": 0.0,
        "link1": 12058.865586759835,
        "link10": 12058.865586759835,
        "link11": 12058.865586759835,
        "link12": 12058.865586759835,
        "link13": 12058.865586759835,
        "link14": 12058.865586759835,
        "link15": 12058.865586759835,
        "link2": 12058.865586759835,
        "link3": 12058.865586759835,
        "link4": 12058.865586759835,
        "link5": 12058.865586759835,
        "link6": 12058.865586759835,
        "link7": 12058.865586759835,
        "link8": 12058.865586759835,
        "link9": 12058.865586759835
    },
    "total_energy_hosts": 79217.45985494665,
    "total_link_energy": 180882.98380139758,
    "transfer_duration": 96.60665835969104
}