{
    "hosts": {
        "destination": 10.009707685822157,
        "jgoldverg@gmail.com_system76": 10.198522523820541,
        "router1": 500.4853547049193,
        "router2": 500.4853547049193,
        "router3": 500.4853547049193,
        "router4": 500.4853547049193,
        "router5": 500.4853547049193,
        "router6": 500.4853547049193,
        "router7": 500.4853547049193,
        "router8": 500.4853547049193
    },
    "links": {
        "__loopback__": 0.0,
        "link1": 801.2574499728042,
        "link2": 801.2574499728042,
        "link3": 801.2574499728042,
        "link4": 801.2574499728042,
        "link5": 801.2574499728042,
        "link6": 801.2574499728042,
        "link7": 801.2574499728042,
        "link8": 801.2574499728042,
        "link9": 801.2574499728042
    },
    "total_energy_hosts": 4024.0910678489968,
    "total_link_energy": 7211.317049755238,
    "transfer_duration": 10.009707094098387
}