{
    "hosts": {
        "destination": 9370.573175288333,
        "jgoldverg@gmail.com_system76": 1488675.9340716838,
        "router1": 468528.65873485,
        "router2": 468528.65873485,
        "router3": 468528.65873485,
        "router4": 468528.65873485,
        "router5": 468528.65873485,
        "router6": 468528.65873485,
        "router7": 468528.65873485,
        "router8": 468528.65873485
    },
    "links": {
        "__loopback__": 0.0,
        "link1": 1182635.9703139595,
        "link2": 1182635.9703139595,
        "link3": 1182635.9703139595,
        "link4": 1182635.9703139595,
        "link5": 1182635.9703139595,
        "link6": 1182635.9703139595,
        "link7": 1182635.9703139595,
        "link8": 1182635.9703139595,
        "link9": 1182635.9703139595
    },
    "total_energy_hosts": 5246275.777125772,
    "total_link_energy": 10643723.732825635,
    "transfer_duration": 9370.573174697
}