{
    "hosts": {
        "destination": 634.0556962524491,
        "jgoldverg@gmail.com_tacc": 636.2582702095408,
        "router1": 528.3797468646254,
        "router2": 528.3797468646254,
        "router3": 528.3797468646254,
        "router4": 528.3797468646254,
        "router5": 528.3797468646254,
        "router6": 528.3797468646254,
        "router7": 528.3797468646254,
        "router8": 528.3797468646254
    },
    "links": {
        "__loopback__": 0.0,
        "link1": 871.4379295953444,
        "link2": 871.4379295953444,
        "link3": 871.4379295953444,
        "link4": 871.4379295953444,
        "link5": 871.4379295953444,
        "link6": 871.4379295953444,
        "link7": 871.4379295953444,
        "link8": 871.4379295953444,
        "link9": 871.4379295953444
    },
    "total_energy_hosts": 5497.351941378993,
    "total_link_energy": 7842.941366358098,
    "transfer_duration": 10.567594937292508
}