{
    "hosts": {
        "destination": 90.076611363989,
        "jgoldverg@gmail.com_ccuc": 90.0766115378326,
        "router1": 500.4256185897718,
        "router2": 500.4256185897718,
        "router3": 500.4256185897718,
        "router4": 500.4256185897718,
        "router5": 500.4256185897718,
        "router6": 500.4256185897718,
        "router7": 500.4256185897718,
        "router8": 500.4256185897718
    },
    "links": {
        "__loopback__": 0.0,
        "link1": 801.1066081555783,
        "link2": 801.1066081555783,
        "link3": 801.1066081555783,
        "link4": 801.1066081555783,
        "link5": 801.1066081555783,
        "link6": 801.1066081555783,
        "link7": 801.1066081555783,
        "link8": 801.1066081555783,
        "link9": 801.1066081555783
    },
    "total_energy_hosts": 4183.558171619995,
    "total_link_energy": 7209.959473400205,
    "transfer_duration": 10.008512371795435
}