{
    "hosts": {
        "jgoldverg@gmail.com-ccuc": 83166.7853677873,
        "jgoldverg@gmail.com-macmini": 43727.36446948186,
        "router1": 437273.64469471114,
        "router10": 437273.64469471114,
        "router11": 437273.64469471114,
        "router2": 437273.64469471114,
        "router3": 437273.64469471114,
        "router4": 437273.64469471114,
        "router5": 437273.64469471114,
        "router6": 437273.64469471114,
        "router7": 437273.64469471114,
        "router8": 437273.64469471114,
        "router9": 437273.64469471114
    },
    "links": {
        "__loopback__": 0.0,
        "link1": 742936.8380544088,
        "link10": 742936.8380544088,
        "link11": 742936.8380544088,
        "link12": 1132627.8969402472,
        "link2": 742936.8380544088,
        "link3": 742936.8380544088,
        "link4": 742936.8380544088,
        "link5": 742936.8380544088,
        "link6": 742936.8380544088,
        "link7": 742936.8380544088,
        "link8": 742936.8380544088,
        "link9": 742936.8380544088
    },
    "total_energy_hosts": 4936904.241479091,
    "total_link_energy": 9304933.115538746,
    "transfer_duration": 8745.472893894223
}