{
    "hosts": {
        "destination": 10.008512937982742,
        "jgoldverg@gmail.com_system76": 10.008514713146553,
        "router1": 500.4256173129486,
        "router2": 500.4256173129486,
        "router3": 500.4256173129486,
        "router4": 500.4256173129486,
        "router5": 500.4256173129486,
        "router6": 500.4256173129486,
        "router7": 500.4256173129486,
        "router8": 500.4256173129486
    },
    "links": {
        "__loopback__": 0.0,
        "link1": 801.1066049435892,
        "link2": 801.1066049435892,
        "link3": 801.1066049435892,
        "link4": 801.1066049435892,
        "link5": 801.1066049435892,
        "link6": 801.1066049435892,
        "link7": 801.1066049435892,
        "link8": 801.1066049435892,
        "link9": 801.1066049435892
    },
    "total_energy_hosts": 4023.4219661547186,
    "total_link_energy": 7209.959444492304,
    "transfer_duration": 10.008512346258971
}