{
    "hosts": {
        "destination": 10.008523619323078,
        "jgoldverg@gmail.com_system76": 10.010213429836911,
        "router1": 500.4261513799654,
        "router2": 500.4261513799654,
        "router3": 500.4261513799654,
        "router4": 500.4261513799654,
        "router5": 500.4261513799654,
        "router6": 500.4261513799654,
        "router7": 500.4261513799654,
        "router8": 500.4261513799654
    },
    "links": {
        "__loopback__": 0.0,
        "link1": 801.1079535353522,
        "link2": 801.1079535353522,
        "link3": 801.1079535353522,
        "link4": 801.1079535353522,
        "link5": 801.1079535353522,
        "link6": 801.1079535353522,
        "link7": 801.1079535353522,
        "link8": 801.1079535353522,
        "link9": 801.1079535353522
    },
    "total_energy_hosts": 4023.4279480888836,
    "total_link_energy": 7209.9715818181685,
    "transfer_duration": 10.008523027599308
}