{
    "hosts": {
        "destination": 600.5107952022591,
        "jgoldverg@gmail.com_tacc": 600.510798818916,
        "router1": 500.4256626561338,
        "router2": 500.4256626561338,
        "router3": 500.4256626561338,
        "router4": 500.4256626561338,
        "router5": 500.4256626561338,
        "router6": 500.4256626561338,
        "router7": 500.4256626561338,
        "router8": 500.4256626561338
    },
    "links": {
        "__loopback__": 0.0,
        "link1": 801.1067190163968,
        "link2": 801.1067190163968,
        "link3": 801.1067190163968,
        "link4": 801.1067190163968,
        "link5": 801.1067190163968,
        "link6": 801.1067190163968,
        "link7": 801.1067190163968,
        "link8": 801.1067190163968,
        "link9": 801.1067190163968
    },
    "total_energy_hosts": 5204.426895270245,
    "total_link_energy": 7209.960471147571,
    "transfer_duration": 10.008513253122675
}