{
    "hosts": {
        "destination": 224.41125641670592,
        "jgoldverg@gmail.com_ccuc": 295.0673749422331,
        "router1": 1246.7292022159763,
        "router2": 1246.7292022159763,
        "router3": 1246.7292022159763,
        "router4": 1246.7292022159763,
        "router5": 1246.7292022159763,
        "router6": 1246.7292022159763,
        "router7": 1246.7292022159763,
        "router8": 1246.7292022159763
    },
    "links": {
        "__loopback__": 0.0,
        "link1": 2681.522562526578,
        "link2": 2681.522562526578,
        "link3": 2681.522562526578,
        "link4": 2681.522562526578,
        "link5": 2681.522562526578,
        "link6": 2681.522562526578,
        "link7": 2681.522562526578,
        "link8": 2681.522562526578,
        "link9": 2681.522562526578
    },
    "total_energy_hosts": 10493.31224908675,
    "total_link_energy": 24133.7030627392,
    "transfer_duration": 24.934584044319525
}