{
    "hosts": {
        "destination": 600.5107404046115,
        "jgoldverg@gmail.com_tacc": 600.5107404232349,
        "router1": 500.4256169914274,
        "router2": 500.4256169914274,
        "router3": 500.4256169914274,
        "router4": 500.4256169914274,
        "router5": 500.4256169914274,
        "router6": 500.4256169914274,
        "router7": 500.4256169914274,
        "router8": 500.4256169914274
    },
    "links": {
        "__loopback__": 0.0,
        "link1": 801.1066041260624,
        "link2": 801.1066041260624,
        "link3": 801.1066041260624,
        "link4": 801.1066041260624,
        "link5": 801.1066041260624,
        "link6": 801.1066041260624,
        "link7": 801.1066041260624,
        "link8": 801.1066041260624,
        "link9": 801.1066041260624
    },
    "total_energy_hosts": 5204.426416759265,
    "total_link_energy": 7209.959437134561,
    "transfer_duration": 10.008512339828547
}