{
    "hosts": {
        "destination": 90.07661926255732,
        "jgoldverg@gmail.com_ccuc": 90.07662359081826,
        "router1": 500.4256624707068,
        "router2": 500.4256624707068,
        "router3": 500.4256624707068,
        "router4": 500.4256624707068,
        "router5": 500.4256624707068,
        "router6": 500.4256624707068,
        "router7": 500.4256624707068,
        "router8": 500.4256624707068
    },
    "links": {
        "__loopback__": 0.0,
        "link1": 801.1067187197136,
        "link2": 801.1067187197136,
        "link3": 801.1067187197136,
        "link4": 801.1067187197136,
        "link5": 801.1067187197136,
        "link6": 801.1067187197136,
        "link7": 801.1067187197136,
        "link8": 801.1067187197136,
        "link9": 801.1067187197136
    },
    "total_energy_hosts": 4183.55854261903,
    "total_link_energy": 7209.960468477422,
    "transfer_duration": 10.008513249414136
}