{
    "hosts": {
        "destination": 97.87229637123976,
        "jgoldverg@gmail.com_ccuc": 97.87229637123976,
        "router1": 543.7349798402208,
        "router10": 543.7349798402208,
        "router11": 543.7349798402208,
        "router12": 543.7349798402208,
        "router13": 543.7349798402208,
        "router14": 543.7349798402208,
        "router2": 543.7349798402208,
        "router3": 543.7349798402208,
        "router4": 543.7349798402208,
        "router5": 543.7349798402208,
        "router6": 543.7349798402208,
        "router7": 543.7349798402208,
        "router8": 543.7349798402208,
        "router9": 543.7349798402208
    },
    "links": {
        "__loopback__": 0.0,
        "link1": 913.7109475845742,
        "link10": 913.7109475845742,
        "link11": 913.7109475845742,
        "link12": 913.7109475845742,
        "link13": 913.7109475845742,
        "link14": 913.7109475845742,
        "link15": 913.7109475845742,
        "link2": 913.7109475845742,
        "link3": 913.7109475845742,
        "link4": 913.7109475845742,
        "link5": 913.7109475845742,
        "link6": 913.7109475845742,
        "link7": 913.7109475845742,
        "link8": 913.7109475845742,
        "link9": 913.7109475845742
    },
    "total_energy_hosts": 7808.034310505574,
    "total_link_energy": 13705.66421376861,
    "transfer_duration": 10.874699596804417
}