{
    "hosts": {
        "destination": 48663.40677636582,
        "jgoldverg@gmail.com_ccuc": 74211.56647523063,
        "router1": 270352.2598685999,
        "router2": 270352.2598685999,
        "router3": 270352.2598685999,
        "router4": 270352.2598685999,
        "router5": 270352.2598685999,
        "router6": 270352.2598685999,
        "router7": 270352.2598685999,
        "router8": 270352.2598685999
    },
    "links": {
        "__loopback__": 0.0,
        "link1": 680730.4350651285,
        "link2": 680730.4350651285,
        "link3": 680730.4350651285,
        "link4": 680730.4350651285,
        "link5": 680730.4350651285,
        "link6": 680730.4350651285,
        "link7": 680730.4350651285,
        "link8": 680730.4350651285,
        "link9": 680730.4350651285
    },
    "total_energy_hosts": 2285693.0522003956,
    "total_link_energy": 6126573.915586157,
    "transfer_duration": 5407.045197371997
}