{
    "hosts": {
        "destination": 600.5107606559161,
        "jgoldverg@gmail.com_tacc": 600.5107620042476,
        "router1": 500.42563386751453,
        "router2": 500.42563386751453,
        "router3": 500.42563386751453,
        "router4": 500.42563386751453,
        "router5": 500.42563386751453,
        "router6": 500.42563386751453,
        "router7": 500.42563386751453,
        "router8": 500.42563386751453
    },
    "links": {
        "__loopback__": 0.0,
        "link1": 801.106646585534,
        "link2": 801.106646585534,
        "link3": 801.106646585534,
        "link4": 801.106646585534,
        "link5": 801.106646585534,
        "link6": 801.106646585534,
        "link7": 801.106646585534,
        "link8": 801.106646585534,
        "link9": 801.106646585534
    },
    "total_energy_hosts": 5204.426593600281,
    "total_link_energy": 7209.959819269805,
    "transfer_duration": 10.008512677350291
}