{
    "hosts": {
        "destination": 5930.071145104771,
        "jgoldverg@gmail.com_tacc": 6280.012009679414,
        "router1": 4941.72595424156,
        "router2": 4941.72595424156,
        "router3": 4941.72595424156,
        "router4": 4941.72595424156,
        "router5": 4941.72595424156,
        "router6": 4941.72595424156,
        "router7": 4941.72595424156,
        "router8": 4941.72595424156
    },
    "links": {
        "__loopback__": 0.0,
        "link1": 11975.21722544999,
        "link2": 11975.21722544999,
        "link3": 11975.21722544999,
        "link4": 11975.21722544999,
        "link5": 11975.21722544999,
        "link6": 11975.21722544999,
        "link7": 11975.21722544999,
        "link8": 11975.21722544999,
        "link9": 11975.21722544999
    },
    "total_energy_hosts": 51743.89078871667,
    "total_link_energy": 107776.9550290499,
    "transfer_duration": 98.83451908483121
}