{
    "hosts": {
        "destination": 90.11964764565619,
        "jgoldverg@gmail.com_ccuc": 90.14228365264395,
        "router1": 500.66470904347835,
        "router2": 500.66470904347835,
        "router3": 500.66470904347835,
        "router4": 500.66470904347835,
        "router5": 500.66470904347835,
        "router6": 500.66470904347835,
        "router7": 500.66470904347835,
        "router8": 500.66470904347835
    },
    "links": {
        "__loopback__": 0.0,
        "link1": 801.709029895942,
        "link2": 801.709029895942,
        "link3": 801.709029895942,
        "link4": 801.709029895942,
        "link5": 801.709029895942,
        "link6": 801.709029895942,
        "link7": 801.709029895942,
        "link8": 801.709029895942,
        "link9": 801.709029895942
    },
    "total_energy_hosts": 4185.579603646127,
    "total_link_energy": 7215.381269063478,
    "transfer_duration": 10.013294180869567
}