{
    "hosts": {
        "destination": 1031634.8916434332,
        "jgoldverg@gmail.com_tacc": 1099332.9821505027,
        "router1": 859695.7430361819,
        "router2": 859695.7430361819,
        "router3": 859695.7430361819,
        "router4": 859695.7430361819,
        "router5": 859695.7430361819,
        "router6": 859695.7430361819,
        "router7": 859695.7430361819,
        "router8": 859695.7430361819
    },
    "links": {
        "__loopback__": 0.0,
        "link1": 2162497.635353167,
        "link2": 2162497.635353167,
        "link3": 2162497.635353167,
        "link4": 2162497.635353167,
        "link5": 2162497.635353167,
        "link6": 2162497.635353167,
        "link7": 2162497.635353167,
        "link8": 2162497.635353167,
        "link9": 2162497.635353167
    },
    "total_energy_hosts": 9008533.81808339,
    "total_link_energy": 19462478.718178503,
    "transfer_duration": 17193.91486072364
}