{
    "hosts": {
        "destination": 90.07661862694293,
        "jgoldverg@gmail.com_ccuc": 90.07662262088922,
        "router1": 500.42565893951576,
        "router2": 500.42565893951576,
        "router3": 500.42565893951576,
        "router4": 500.42565893951576,
        "router5": 500.42565893951576,
        "router6": 500.42565893951576,
        "router7": 500.42565893951576,
        "router8": 500.42565893951576
    },
    "links": {
        "__loopback__": 0.0,
        "link1": 801.1067098223853,
        "link2": 801.1067098223853,
        "link3": 801.1067098223853,
        "link4": 801.1067098223853,
        "link5": 801.1067098223853,
        "link6": 801.1067098223853,
        "link7": 801.1067098223853,
        "link8": 801.1067098223853,
        "link9": 801.1067098223853
    },
    "total_energy_hosts": 4183.558512763959,
    "total_link_energy": 7209.960388401467,
    "transfer_duration": 10.008513178790315
}