{
    "hosts": {
        "destination": 95.11868636869815,
        "jgoldverg@gmail.com_ccuc": 97.7706714279821,
        "router1": 528.4371463937114,
        "router2": 528.4371463937114,
        "router3": 528.4371463937114,
        "router4": 528.4371463937114,
        "router5": 528.4371463937114,
        "router6": 528.4371463937114,
        "router7": 528.4371463937114,
        "router8": 528.4371463937114
    },
    "links": {
        "__loopback__": 0.0,
        "link1": 871.6855587923973,
        "link2": 871.6855587923973,
        "link3": 871.6855587923973,
        "link4": 871.6855587923973,
        "link5": 871.6855587923973,
        "link6": 871.6855587923973,
        "link7": 871.6855587923973,
        "link8": 871.6855587923973,
        "link9": 871.6855587923973
    },
    "total_energy_hosts": 4420.386528946371,
    "total_link_energy": 7845.170029131576,
    "transfer_duration": 10.568742927874228
}