{
    "hosts": {
        "destination": 72590.30427519964,
        "jgoldverg@gmail.com_tacc": 77317.18016662545,
        "router1": 60491.92022932061,
        "router2": 60491.92022932061,
        "router3": 60491.92022932061,
        "router4": 60491.92022932061,
        "router5": 60491.92022932061,
        "router6": 60491.92022932061,
        "router7": 60491.92022932061,
        "router8": 60491.92022932061
    },
    "links": {
        "__loopback__": 0.0,
        "link1": 151736.99164534765,
        "link2": 151736.99164534765,
        "link3": 151736.99164534765,
        "link4": 151736.99164534765,
        "link5": 151736.99164534765,
        "link6": 151736.99164534765,
        "link7": 151736.99164534765,
        "link8": 151736.99164534765,
        "link9": 151736.99164534765
    },
    "total_energy_hosts": 633842.8462763899,
    "total_link_energy": 1365632.9248081287,
    "transfer_duration": 1209.8384045864123
}