{
    "hosts": {
        "destination": 8669.802534648352,
        "jgoldverg@gmail.com_system76": 8669.802534648352,
        "router1": 433490.1267324176,
        "router10": 433490.1267324176,
        "router11": 433490.1267324176,
        "router12": 433490.1267324176,
        "router13": 433490.1267324176,
        "router14": 433490.1267324176,
        "router2": 433490.1267324176,
        "router3": 433490.1267324176,
        "router4": 433490.1267324176,
        "router5": 433490.1267324176,
        "router6": 433490.1267324176,
        "router7": 433490.1267324176,
        "router8": 433490.1267324176,
        "router9": 433490.1267324176
    },
    "links": {
        "__loopback__": 0.0,
        "link1": 1126574.3295042857,
        "link10": 1126574.3295042857,
        "link11": 1126574.3295042857,
        "link12": 1126574.3295042857,
        "link13": 1126574.3295042857,
        "link14": 1126574.3295042857,
        "link15": 1126574.3295042857,
        "link2": 1126574.3295042857,
        "link3": 1126574.3295042857,
        "link4": 1126574.3295042857,
        "link5": 1126574.3295042857,
        "link6": 1126574.3295042857,
        "link7": 1126574.3295042857,
        "link8": 1126574.3295042857,
        "link9": 1126574.3295042857
    },
    "total_energy_hosts": 6086201.379323142,
    "total_link_energy": 16898614.942564283,
    "transfer_duration": 8669.802534648352
}