{
    "hosts": {
        "jgoldverg@gmail.com-macmini": 1360.9287187666412,
        "jgoldverg@gmail.com-tacc": 16442.884791936296,
        "router1": 13609.28718755915,
        "router10": 13609.28718755915,
        "router2": 13609.28718755915,
        "router3": 13609.28718755915,
        "router4": 13609.28718755915,
        "router5": 13609.28718755915,
        "router6": 13609.28718755915,
        "router7": 13609.28718755915,
        "router8": 13609.28718755915,
        "router9": 13609.28718755915
    },
    "links": {
        "__loopback__": 0.0,
        "link1": 23073.869267716665,
        "link10": 23073.869267716665,
        "link11": 34764.95717631489,
        "link2": 23073.869267716665,
        "link3": 23073.869267716665,
        "link4": 23073.869267716665,
        "link5": 23073.869267716665,
        "link6": 23073.869267716665,
        "link7": 23073.869267716665,
        "link8": 23073.869267716665,
        "link9": 23073.869267716665
    },
    "total_energy_hosts": 153896.68538629444,
    "total_link_energy": 265503.6498534815,
    "transfer_duration": 272.185743751183
}