{
    "hosts": {
        "destination": 820336.8828801557,
        "jgoldverg@gmail.com_tacc": 874161.0696783231,
        "router1": 683614.069066784,
        "router2": 683614.069066784,
        "router3": 683614.069066784,
        "router4": 683614.069066784,
        "router5": 683614.069066784,
        "router6": 683614.069066784,
        "router7": 683614.069066784,
        "router8": 683614.069066784
    },
    "links": {
        "__loopback__": 0.0,
        "link1": 1719484.1136555613,
        "link2": 1719484.1136555613,
        "link3": 1719484.1136555613,
        "link4": 1719484.1136555613,
        "link5": 1719484.1136555613,
        "link6": 1719484.1136555613,
        "link7": 1719484.1136555613,
        "link8": 1719484.1136555613,
        "link9": 1719484.1136555613
    },
    "total_energy_hosts": 7163410.505092752,
    "total_link_energy": 15475357.022900052,
    "transfer_duration": 13672.28138133568
}