{
    "hosts": {
        "jgoldverg@gmail.com-cali": 30811.60601955451,
        "jgoldverg@gmail.com-macmini": 533.0300977832879,
        "router1": 5330.300977725609,
        "router10": 5330.300977725609,
        "router11": 5330.300977725609,
        "router12": 5330.300977725609,
        "router13": 5330.300977725609,
        "router14": 5330.300977725609,
        "router15": 5330.300977725609,
        "router2": 5330.300977725609,
        "router3": 5330.300977725609,
        "router4": 5330.300977725609,
        "router5": 5330.300977725609,
        "router6": 5330.300977725609,
        "router7": 5330.300977725609,
        "router8": 5330.300977725609,
        "router9": 5330.300977725609
    },
    "links": {
        "__loopback__": 0.0,
        "link1": 12858.782542070692,
        "link10": 12858.782542070692,
        "link11": 12858.782542070692,
        "link12": 12858.782542070692,
        "link13": 12858.782542070692,
        "link14": 12858.782542070692,
        "link15": 12858.782542070692,
        "link16": 12858.782542070692,
        "link2": 12858.782542070692,
        "link3": 12858.782542070692,
        "link4": 12858.782542070692,
        "link5": 12858.782542070692,
        "link6": 12858.782542070692,
        "link7": 12858.782542070692,
        "link8": 12858.782542070692,
        "link9": 12858.782542070692
    },
    "total_energy_hosts": 111299.15078322194,
    "total_link_energy": 205740.52067313108,
    "transfer_duration": 106.60601955451219
}