{
    "hosts": {
        "destination": 90.07670784178048,
        "jgoldverg@gmail.com_ccuc": 90.076758760138,
        "router1": 500.42615457750213,
        "router2": 500.42615457750213,
        "router3": 500.42615457750213,
        "router4": 500.42615457750213,
        "router5": 500.42615457750213,
        "router6": 500.42615457750213,
        "router7": 500.42615457750213,
        "router8": 500.42615457750213
    },
    "links": {
        "__loopback__": 0.0,
        "link1": 801.1079586514109,
        "link2": 801.1079586514109,
        "link3": 801.1079586514109,
        "link4": 801.1079586514109,
        "link5": 801.1079586514109,
        "link6": 801.1079586514109,
        "link7": 801.1079586514109,
        "link8": 801.1079586514109,
        "link9": 801.1079586514109
    },
    "total_energy_hosts": 4183.562703221935,
    "total_link_energy": 7209.971627862697,
    "transfer_duration": 10.008523091550042
}