{
    "hosts": {
        "destination": 17023.3808253354,
        "jgoldverg@gmail.com_system76": 2705747.1679566014,
        "router1": 851169.0412372033,
        "router2": 851169.0412372033,
        "router3": 851169.0412372033,
        "router4": 851169.0412372033,
        "router5": 851169.0412372033,
        "router6": 851169.0412372033,
        "router7": 851169.0412372033,
        "router8": 851169.0412372033
    },
    "links": {
        "__loopback__": 0.0,
        "link1": 2148854.9124748013,
        "link2": 2148854.9124748013,
        "link3": 2148854.9124748013,
        "link4": 2148854.9124748013,
        "link5": 2148854.9124748013,
        "link6": 2148854.9124748013,
        "link7": 2148854.9124748013,
        "link8": 2148854.9124748013,
        "link9": 2148854.9124748013
    },
    "total_energy_hosts": 9532122.878679564,
    "total_link_energy": 19339694.21227321,
    "transfer_duration": 17023.380824744065
}