{
    "hosts": {
        "destination": 10.008513048437406,
        "jgoldverg@gmail.com_system76": 10.008532279407433,
        "router1": 500.4256228356818,
        "router2": 500.4256228356818,
        "router3": 500.4256228356818,
        "router4": 500.4256228356818,
        "router5": 500.4256228356818,
        "router6": 500.4256228356818,
        "router7": 500.4256228356818,
        "router8": 500.4256228356818
    },
    "links": {
        "__loopback__": 0.0,
        "link1": 801.1066188892407,
        "link2": 801.1066188892407,
        "link3": 801.1066188892407,
        "link4": 801.1066188892407,
        "link5": 801.1066188892407,
        "link6": 801.1066188892407,
        "link7": 801.1066188892407,
        "link8": 801.1066188892407,
        "link9": 801.1066188892407
    },
    "total_energy_hosts": 4023.4220280132986,
    "total_link_energy": 7209.959570003168,
    "transfer_duration": 10.008512456713635
}