{
    "hosts": {
        "destination": 13536.696231160426,
        "jgoldverg@gmail.com_system76": 2151239.1082676887,
        "router1": 676834.8115284547,
        "router2": 676834.8115284547,
        "router3": 676834.8115284547,
        "router4": 676834.8115284547,
        "router5": 676834.8115284547,
        "router6": 676834.8115284547,
        "router7": 676834.8115284547,
        "router8": 676834.8115284547
    },
    "links": {
        "__loopback__": 0.0,
        "link1": 1708637.3015942343,
        "link2": 1708637.3015942343,
        "link3": 1708637.3015942343,
        "link4": 1708637.3015942343,
        "link5": 1708637.3015942343,
        "link6": 1708637.3015942343,
        "link7": 1708637.3015942343,
        "link8": 1708637.3015942343,
        "link9": 1708637.3015942343
    },
    "total_energy_hosts": 7579454.296726486,
    "total_link_energy": 15377735.714348111,
    "transfer_duration": 13536.696230569092
}