{
    "hosts": {
        "jgoldverg@gmail.com-ccuc": 1751.6018056839512,
        "jgoldverg@gmail.com-macmini": 923.5840106935965,
        "router1": 9235.840106828693,
        "router10": 9235.840106828693,
        "router11": 9235.840106828693,
        "router2": 9235.840106828693,
        "router3": 9235.840106828693,
        "router4": 9235.840106828693,
        "router5": 9235.840106828693,
        "router6": 9235.840106828693,
        "router7": 9235.840106828693,
        "router8": 9235.840106828693,
        "router9": 9235.840106828693
    },
    "links": {
        "__loopback__": 0.0,
        "link1": 15643.36102307522,
        "link10": 15643.36102307522,
        "link11": 15643.36102307522,
        "link12": 23437.512692418997,
        "link2": 15643.36102307522,
        "link3": 15643.36102307522,
        "link4": 15643.36102307522,
        "link5": 15643.36102307522,
        "link6": 15643.36102307522,
        "link7": 15643.36102307522,
        "link8": 15643.36102307522,
        "link9": 15643.36102307522
    },
    "total_energy_hosts": 104269.42699149316,
    "total_link_energy": 195514.4839462464,
    "transfer_duration": 184.71680213657388
}