{
    "hosts": {
        "destination": 5347.01229476179,
        "jgoldverg@gmail.com_tacc": 5658.66930425598,
        "router1": 4455.843578955743,
        "router2": 4455.843578955743,
        "router3": 4455.843578955743,
        "router4": 4455.843578955743,
        "router5": 4455.843578955743,
        "router6": 4455.843578955743,
        "router7": 4455.843578955743,
        "router8": 4455.843578955743
    },
    "links": {
        "__loopback__": 0.0,
        "link1": 10752.759161792681,
        "link2": 10752.759161792681,
        "link3": 10752.759161792681,
        "link4": 10752.759161792681,
        "link5": 10752.759161792681,
        "link6": 10752.759161792681,
        "link7": 10752.759161792681,
        "link8": 10752.759161792681,
        "link9": 10752.759161792681
    },
    "total_energy_hosts": 46652.43023066371,
    "total_link_energy": 96774.83245613413,
    "transfer_duration": 89.11687157911487
}