{
    "hosts": {
        "destination": 10.008512963256267,
        "jgoldverg@gmail.com_system76": 10.008518732548026,
        "router1": 500.42561857662486,
        "router2": 500.42561857662486,
        "router3": 500.42561857662486,
        "router4": 500.42561857662486,
        "router5": 500.42561857662486,
        "router6": 500.42561857662486,
        "router7": 500.42561857662486,
        "router8": 500.42561857662486
    },
    "links": {
        "__loopback__": 0.0,
        "link1": 801.1066081345433,
        "link2": 801.1066081345433,
        "link3": 801.1066081345433,
        "link4": 801.1066081345433,
        "link5": 801.1066081345433,
        "link6": 801.1066081345433,
        "link7": 801.1066081345433,
        "link8": 801.1066081345433,
        "link9": 801.1066081345433
    },
    "total_energy_hosts": 4023.421980308803,
    "total_link_energy": 7209.95947321089,
    "transfer_duration": 10.008512371532497
}