{
    "hosts": {
        "destination": 10.008512927686121,
        "jgoldverg@gmail.com_system76": 10.008513075617063,
        "router1": 500.4256167981175,
        "router2": 500.4256167981175,
        "router3": 500.4256167981175,
        "router4": 500.4256167981175,
        "router5": 500.4256167981175,
        "router6": 500.4256167981175,
        "router7": 500.4256167981175,
        "router8": 500.4256167981175
    },
    "links": {
        "__loopback__": 0.0,
        "link1": 801.1066036435708,
        "link2": 801.1066036435708,
        "link3": 801.1066036435708,
        "link4": 801.1066036435708,
        "link5": 801.1066036435708,
        "link6": 801.1066036435708,
        "link7": 801.1066036435708,
        "link8": 801.1066036435708,
        "link9": 801.1066036435708
    },
    "total_energy_hosts": 4023.4219603882434,
    "total_link_energy": 7209.959432792136,
    "transfer_duration": 10.008512335962351
}