{
    "hosts": {
        "destination": 90.08742813124385,
        "jgoldverg@gmail.com_ccuc": 90.09311761023312,
        "router1": 500.4857117411875,
        "router2": 500.4857117411875,
        "router3": 500.4857117411875,
        "router4": 500.4857117411875,
        "router5": 500.4857117411875,
        "router6": 500.4857117411875,
        "router7": 500.4857117411875,
        "router8": 500.4857117411875
    },
    "links": {
        "__loopback__": 0.0,
        "link1": 801.2580212308334,
        "link2": 801.2580212308334,
        "link3": 801.2580212308334,
        "link4": 801.2580212308334,
        "link5": 801.2580212308334,
        "link6": 801.2580212308334,
        "link7": 801.2580212308334,
        "link8": 801.2580212308334,
        "link9": 801.2580212308334
    },
    "total_energy_hosts": 4184.066239670978,
    "total_link_energy": 7211.322191077499,
    "transfer_duration": 10.00971423482375
}