{
    "hosts": {
        "destination": 90.0778387269255,
        "jgoldverg@gmail.com_ccuc": 90.07848445799576,
        "router1": 500.4324372727523,
        "router2": 500.4324372727523,
        "router3": 500.4324372727523,
        "router4": 500.4324372727523,
        "router5": 500.4324372727523,
        "router6": 500.4324372727523,
        "router7": 500.4324372727523,
        "router8": 500.4324372727523
    },
    "links": {
        "__loopback__": 0.0,
        "link1": 801.1237887782441,
        "link2": 801.1237887782441,
        "link3": 801.1237887782441,
        "link4": 801.1237887782441,
        "link5": 801.1237887782441,
        "link6": 801.1237887782441,
        "link7": 801.1237887782441,
        "link8": 801.1237887782441,
        "link9": 801.1237887782441
    },
    "total_energy_hosts": 4183.61582136694,
    "total_link_energy": 7210.114099004199,
    "transfer_duration": 10.008648745455046
}