{
    "hosts": {
        "destination": 799.1991743946753,
        "jgoldverg@gmail.com_ccuc": 1172.1770293853697,
        "router1": 4439.995413204694,
        "router2": 4439.995413204694,
        "router3": 4439.995413204694,
        "router4": 4439.995413204694,
        "router5": 4439.995413204694,
        "router6": 4439.995413204694,
        "router7": 4439.995413204694,
        "router8": 4439.995413204694
    },
    "links": {
        "__loopback__": 0.0,
        "link1": 10727.402096591002,
        "link2": 10727.402096591002,
        "link3": 10727.402096591002,
        "link4": 10727.402096591002,
        "link5": 10727.402096591002,
        "link6": 10727.402096591002,
        "link7": 10727.402096591002,
        "link8": 10727.402096591002,
        "link9": 10727.402096591002
    },
    "total_energy_hosts": 37491.3395094176,
    "total_link_energy": 96546.61886931902,
    "transfer_duration": 88.79990826409389
}