{
    "hosts": {
        "destination": 728.338931343525,
        "jgoldverg@gmail.com_system76": 114250.34077504592,
        "router1": 36416.946537585565,
        "router2": 36416.946537585565,
        "router3": 36416.946537585565,
        "router4": 36416.946537585565,
        "router5": 36416.946537585565,
        "router6": 36416.946537585565,
        "router7": 36416.946537585565,
        "router8": 36416.946537585565
    },
    "links": {
        "__loopback__": 0.0,
        "link1": 91495.200685487,
        "link2": 91495.200685487,
        "link3": 91495.200685487,
        "link4": 91495.200685487,
        "link5": 91495.200685487,
        "link6": 91495.200685487,
        "link7": 91495.200685487,
        "link8": 91495.200685487,
        "link9": 91495.200685487
    },
    "total_energy_hosts": 406314.2520070741,
    "total_link_energy": 823456.806169383,
    "transfer_duration": 728.3389307517112
}