{
    "hosts": {
        "destination": 90.0832852643668,
        "jgoldverg@gmail.com_ccuc": 90.08679571580689,
        "router1": 500.46269581409274,
        "router2": 500.46269581409274,
        "router3": 500.46269581409274,
        "router4": 500.46269581409274,
        "router5": 500.46269581409274,
        "router6": 500.46269581409274,
        "router7": 500.46269581409274,
        "router8": 500.46269581409274
    },
    "links": {
        "__loopback__": 0.0,
        "link1": 801.2000293928425,
        "link2": 801.2000293928425,
        "link3": 801.2000293928425,
        "link4": 801.2000293928425,
        "link5": 801.2000293928425,
        "link6": 801.2000293928425,
        "link7": 801.2000293928425,
        "link8": 801.2000293928425,
        "link9": 801.2000293928425
    },
    "total_energy_hosts": 4183.871647492915,
    "total_link_energy": 7210.800264535581,
    "transfer_duration": 10.009253916281855
}