{
    "hosts": {
        "jgoldverg@gmail.com-macmini": 3545.742090928725,
        "jgoldverg@gmail.com-tacc": 42846.87886932347,
        "router1": 35457.420909179964,
        "router10": 35457.420909179964,
        "router2": 35457.420909179964,
        "router3": 35457.420909179964,
        "router4": 35457.420909179964,
        "router5": 35457.420909179964,
        "router6": 35457.420909179964,
        "router7": 35457.420909179964,
        "router8": 35457.420909179964,
        "router9": 35457.420909179964
    },
    "links": {
        "__loopback__": 0.0,
        "link1": 60195.83167591822,
        "link10": 60195.83167591822,
        "link11": 91371.45566699069,
        "link2": 60195.83167591822,
        "link3": 60195.83167591822,
        "link4": 60195.83167591822,
        "link5": 60195.83167591822,
        "link6": 60195.83167591822,
        "link7": 60195.83167591822,
        "link8": 60195.83167591822,
        "link9": 60195.83167591822
    },
    "total_energy_hosts": 400966.8300520518,
    "total_link_energy": 693329.7724261727,
    "transfer_duration": 709.1484181835993
}