{
    "hosts": {
        "destination": 90.07661165213423,
        "jgoldverg@gmail.com_ccuc": 90.07661197753396,
        "router1": 500.4256201905785,
        "router2": 500.4256201905785,
        "router3": 500.4256201905785,
        "router4": 500.4256201905785,
        "router5": 500.4256201905785,
        "router6": 500.4256201905785,
        "router7": 500.4256201905785,
        "router8": 500.4256201905785
    },
    "links": {
        "__loopback__": 0.0,
        "link1": 801.1066121890342,
        "link2": 801.1066121890342,
        "link3": 801.1066121890342,
        "link4": 801.1066121890342,
        "link5": 801.1066121890342,
        "link6": 801.1066121890342,
        "link7": 801.1066121890342,
        "link8": 801.1066121890342,
        "link9": 801.1066121890342
    },
    "total_energy_hosts": 4183.558185154297,
    "total_link_energy": 7209.959509701309,
    "transfer_duration": 10.00851240381157
}