{
    "hosts": {
        "destination": 90.07661100804496,
        "jgoldverg@gmail.com_ccuc": 90.07661099467246,
        "router1": 500.42561661230485,
        "router2": 500.42561661230485,
        "router3": 500.42561661230485,
        "router4": 500.42561661230485,
        "router5": 500.42561661230485,
        "router6": 500.42561661230485,
        "router7": 500.42561661230485,
        "router8": 500.42561661230485
    },
    "links": {
        "__loopback__": 0.0,
        "link1": 801.1066031730746,
        "link2": 801.1066031730746,
        "link3": 801.1066031730746,
        "link4": 801.1066031730746,
        "link5": 801.1066031730746,
        "link6": 801.1066031730746,
        "link7": 801.1066031730746,
        "link8": 801.1066031730746,
        "link9": 801.1066031730746
    },
    "total_energy_hosts": 4183.558154901157,
    "total_link_energy": 7209.95942855767,
    "transfer_duration": 10.008512332246097
}