{
    "hosts": {
        "destination": 90.07661177925712,
        "jgoldverg@gmail.com_ccuc": 90.07661217151983,
        "router1": 500.4256208968168,
        "router2": 500.4256208968168,
        "router3": 500.4256208968168,
        "router4": 500.4256208968168,
        "router5": 500.4256208968168,
        "router6": 500.4256208968168,
        "router7": 500.4256208968168,
        "router8": 500.4256208968168
    },
    "links": {
        "__loopback__": 0.0,
        "link1": 801.1066139684999,
        "link2": 801.1066139684999,
        "link3": 801.1066139684999,
        "link4": 801.1066139684999,
        "link5": 801.1066139684999,
        "link6": 801.1066139684999,
        "link7": 801.1066139684999,
        "link8": 801.1066139684999,
        "link9": 801.1066139684999
    },
    "total_energy_hosts": 4183.558191125311,
    "total_link_energy": 7209.959525716499,
    "transfer_duration": 10.008512417936336
}