{
    "hosts": {
        "destination": 600.5107909477834,
        "jgoldverg@gmail.com_tacc": 600.5107942850898,
        "router1": 500.42565911073734,
        "router2": 500.42565911073734,
        "router3": 500.42565911073734,
        "router4": 500.42565911073734,
        "router5": 500.42565911073734,
        "router6": 500.42565911073734,
        "router7": 500.42565911073734,
        "router8": 500.42565911073734
    },
    "links": {
        "__loopback__": 0.0,
        "link1": 801.10671009634,
        "link2": 801.10671009634,
        "link3": 801.10671009634,
        "link4": 801.10671009634,
        "link5": 801.10671009634,
        "link6": 801.10671009634,
        "link7": 801.10671009634,
        "link8": 801.10671009634,
        "link9": 801.10671009634
    },
    "total_energy_hosts": 5204.426858118772,
    "total_link_energy": 7209.96039086706,
    "transfer_duration": 10.008513182214747
}