{
    "hosts": {
        "destination": 10.226530175281551,
        "jgoldverg@gmail.com_system76": 44.68108459092238,
        "router1": 511.32647917788904,
        "router2": 511.32647917788904,
        "router3": 511.32647917788904,
        "router4": 511.32647917788904,
        "router5": 511.32647917788904,
        "router6": 511.32647917788904,
        "router7": 511.32647917788904,
        "router8": 511.32647917788904
    },
    "links": {
        "__loopback__": 0.0,
        "link1": 828.6327618821332,
        "link2": 828.6327618821332,
        "link3": 828.6327618821332,
        "link4": 828.6327618821332,
        "link5": 828.6327618821332,
        "link6": 828.6327618821332,
        "link7": 828.6327618821332,
        "link8": 828.6327618821332,
        "link9": 828.6327618821332
    },
    "total_energy_hosts": 4145.519448189317,
    "total_link_energy": 7457.694856939199,
    "transfer_duration": 10.226529583557781
}