{
    "hosts": {
        "destination": 5374.980531073549,
        "jgoldverg@gmail.com_system76": 853233.2191922521,
        "router1": 268749.0265241108,
        "router2": 268749.0265241108,
        "router3": 268749.0265241108,
        "router4": 268749.0265241108,
        "router5": 268749.0265241108,
        "router6": 268749.0265241108,
        "router7": 268749.0265241108,
        "router8": 268749.0265241108
    },
    "links": {
        "__loopback__": 0.0,
        "link1": 678165.261713946,
        "link2": 678165.261713946,
        "link3": 678165.261713946,
        "link4": 678165.261713946,
        "link5": 678165.261713946,
        "link6": 678165.261713946,
        "link7": 678165.261713946,
        "link8": 678165.261713946,
        "link9": 678165.261713946
    },
    "total_energy_hosts": 3008600.4119162112,
    "total_link_energy": 6103487.355425515,
    "transfer_duration": 5374.980530482216
}