{
    "hosts": {
        "destination": 325725.3890841689,
        "jgoldverg@gmail.com_tacc": 347073.20623547625,
        "router1": 271437.824236795,
        "router2": 271437.824236795,
        "router3": 271437.824236795,
        "router4": 271437.824236795,
        "router5": 271437.824236795,
        "router6": 271437.824236795,
        "router7": 271437.824236795,
        "router8": 271437.824236795
    },
    "links": {
        "__loopback__": 0.0,
        "link1": 682467.3380542407,
        "link2": 682467.3380542407,
        "link3": 682467.3380542407,
        "link4": 682467.3380542407,
        "link5": 682467.3380542407,
        "link6": 682467.3380542407,
        "link7": 682467.3380542407,
        "link8": 682467.3380542407,
        "link9": 682467.3380542407
    },
    "total_energy_hosts": 2844301.189214005,
    "total_link_energy": 6142206.042488166,
    "transfer_duration": 5428.7564847359
}