{
    "hosts": {
        "destination": 10845.279435632996,
        "jgoldverg@gmail.com_ccuc": 16502.20348060332,
        "router1": 60251.55242008427,
        "router2": 60251.55242008427,
        "router3": 60251.55242008427,
        "router4": 60251.55242008427,
        "router5": 60251.55242008427,
        "router6": 60251.55242008427,
        "router7": 60251.55242008427,
        "router8": 60251.55242008427
    },
    "links": {
        "__loopback__": 0.0,
        "link1": 151352.40315056947,
        "link2": 151352.40315056947,
        "link3": 151352.40315056947,
        "link4": 151352.40315056947,
        "link5": 151352.40315056947,
        "link6": 151352.40315056947,
        "link7": 151352.40315056947,
        "link8": 151352.40315056947,
        "link9": 151352.40315056947
    },
    "total_energy_hosts": 509359.9022769104,
    "total_link_energy": 1362171.628355125,
    "transfer_duration": 1205.0310484016854
}