{
    "hosts": {
        "destination": 10.56541509909068,
        "jgoldverg@gmail.com_system76": 98.57595706466489,
        "router1": 528.2707253683454,
        "router2": 528.2707253683454,
        "router3": 528.2707253683454,
        "router4": 528.2707253683454,
        "router5": 528.2707253683454,
        "router6": 528.2707253683454,
        "router7": 528.2707253683454,
        "router8": 528.2707253683454
    },
    "links": {
        "__loopback__": 0.0,
        "link1": 871.4192851518119,
        "link2": 871.4192851518119,
        "link3": 871.4192851518119,
        "link4": 871.4192851518119,
        "link5": 871.4192851518119,
        "link6": 871.4192851518119,
        "link7": 871.4192851518119,
        "link8": 871.4192851518119,
        "link9": 871.4192851518119
    },
    "total_energy_hosts": 4335.30717511052,
    "total_link_energy": 7842.773566366307,
    "transfer_duration": 10.56541450736691
}