{
    "hosts": {
        "jgoldverg@gmail.com-ccuc": 5905.437701709632,
        "jgoldverg@gmail.com-macmini": 3107.4503606317726,
        "router1": 31074.50360621045,
        "router10": 31074.50360621045,
        "router11": 31074.50360621045,
        "router2": 31074.50360621045,
        "router3": 31074.50360621045,
        "router4": 31074.50360621045,
        "router5": 31074.50360621045,
        "router6": 31074.50360621045,
        "router7": 31074.50360621045,
        "router8": 31074.50360621045,
        "router9": 31074.50360621045
    },
    "links": {
        "__loopback__": 0.0,
        "link1": 52750.17107569427,
        "link10": 52750.17107569427,
        "link11": 52750.17107569427,
        "link12": 80028.85882751227,
        "link2": 52750.17107569427,
        "link3": 52750.17107569427,
        "link4": 52750.17107569427,
        "link5": 52750.17107569427,
        "link6": 52750.17107569427,
        "link7": 52750.17107569427,
        "link8": 52750.17107569427,
        "link9": 52750.17107569427
    },
    "total_energy_hosts": 350832.4277306564,
    "total_link_energy": 660280.7406601493,
    "transfer_duration": 621.490072124209
}