{
    "hosts": {
        "destination": 10.009250102107087,
        "jgoldverg@gmail.com_system76": 10.125750280980206,
        "router1": 500.4624755191658,
        "router2": 500.4624755191658,
        "router3": 500.4624755191658,
        "router4": 500.4624755191658,
        "router5": 500.4624755191658,
        "router6": 500.4624755191658,
        "router7": 500.4624755191658,
        "router8": 500.4624755191658
    },
    "links": {
        "__loopback__": 0.0,
        "link1": 801.1996769209594,
        "link2": 801.1996769209594,
        "link3": 801.1996769209594,
        "link4": 801.1996769209594,
        "link5": 801.1996769209594,
        "link6": 801.1996769209594,
        "link7": 801.1996769209594,
        "link8": 801.1996769209594,
        "link9": 801.1996769209594
    },
    "total_energy_hosts": 4023.8348045364137,
    "total_link_energy": 7210.797092288633,
    "transfer_duration": 10.009249510383317
}