{
    "hosts": {
        "destination": 600.510741482412,
        "jgoldverg@gmail.com_tacc": 600.510741571804,
        "router1": 500.42561788959443,
        "router2": 500.42561788959443,
        "router3": 500.42561788959443,
        "router4": 500.42561788959443,
        "router5": 500.42561788959443,
        "router6": 500.42561788959443,
        "router7": 500.42561788959443,
        "router8": 500.42561788959443
    },
    "links": {
        "__loopback__": 0.0,
        "link1": 801.1066063858101,
        "link2": 801.1066063858101,
        "link3": 801.1066063858101,
        "link4": 801.1066063858101,
        "link5": 801.1066063858101,
        "link6": 801.1066063858101,
        "link7": 801.1066063858101,
        "link8": 801.1066063858101,
        "link9": 801.1066063858101
    },
    "total_energy_hosts": 5204.426426170972,
    "total_link_energy": 7209.95945747229,
    "transfer_duration": 10.008512357791888
}