{
    "hosts": {
        "destination": 600.5107402344324,
        "jgoldverg@gmail.com_tacc": 600.5107402418816,
        "router1": 500.42561684961146,
        "router2": 500.42561684961146,
        "router3": 500.42561684961146,
        "router4": 500.42561684961146,
        "router5": 500.42561684961146,
        "router6": 500.42561684961146,
        "router7": 500.42561684961146,
        "router8": 500.42561684961146
    },
    "links": {
        "__loopback__": 0.0,
        "link1": 801.1066037692601,
        "link2": 801.1066037692601,
        "link3": 801.1066037692601,
        "link4": 801.1066037692601,
        "link5": 801.1066037692601,
        "link6": 801.1066037692601,
        "link7": 801.1066037692601,
        "link8": 801.1066037692601,
        "link9": 801.1066037692601
    },
    "total_energy_hosts": 5204.426415273205,
    "total_link_energy": 7209.95943392334,
    "transfer_duration": 10.00851233699223
}