{
    "hosts": {
        "destination": 95.0881937762433,
        "jgoldverg@gmail.com_ccuc": 97.72414061827895,
        "router1": 528.2677431022955,
        "router2": 528.2677431022955,
        "router3": 528.2677431022955,
        "router4": 528.2677431022955,
        "router5": 528.2677431022955,
        "router6": 528.2677431022955,
        "router7": 528.2677431022955,
        "router8": 528.2677431022955
    },
    "links": {
        "__loopback__": 0.0,
        "link1": 871.2587235756165,
        "link2": 871.2587235756165,
        "link3": 871.2587235756165,
        "link4": 871.2587235756165,
        "link5": 871.2587235756165,
        "link6": 871.2587235756165,
        "link7": 871.2587235756165,
        "link8": 871.2587235756165,
        "link9": 871.2587235756165
    },
    "total_energy_hosts": 4418.954279212887,
    "total_link_energy": 7841.328512180548,
    "transfer_duration": 10.565354862045911
}