{
    "hosts": {
        "destination": 103.61415954666302,
        "jgoldverg@gmail.com_system76": 14896.667767924806,
        "router1": 5180.707947746962,
        "router2": 5180.707947746962,
        "router3": 5180.707947746962,
        "router4": 5180.707947746962,
        "router5": 5180.707947746962,
        "router6": 5180.707947746962,
        "router7": 5180.707947746962,
        "router8": 5180.707947746962
    },
    "links": {
        "__loopback__": 0.0,
        "link1": 12619.455240161722,
        "link2": 12619.455240161722,
        "link3": 12619.455240161722,
        "link4": 12619.455240161722,
        "link5": 12619.455240161722,
        "link6": 12619.455240161722,
        "link7": 12619.455240161722,
        "link8": 12619.455240161722,
        "link9": 12619.455240161722
    },
    "total_energy_hosts": 56445.945509447156,
    "total_link_energy": 113575.09716145552,
    "transfer_duration": 103.61415895493924
}