{
    "hosts": {
        "destination": 600.5554139883291,
        "jgoldverg@gmail.com_tacc": 600.5583472906236,
        "router1": 500.4628449778587,
        "router2": 500.4628449778587,
        "router3": 500.4628449778587,
        "router4": 500.4628449778587,
        "router5": 500.4628449778587,
        "router6": 500.4628449778587,
        "router7": 500.4628449778587,
        "router8": 500.4628449778587
    },
    "links": {
        "__loopback__": 0.0,
        "link1": 801.200268054868,
        "link2": 801.200268054868,
        "link3": 801.200268054868,
        "link4": 801.200268054868,
        "link5": 801.200268054868,
        "link6": 801.200268054868,
        "link7": 801.200268054868,
        "link8": 801.200268054868,
        "link9": 801.200268054868
    },
    "total_energy_hosts": 5204.816521101822,
    "total_link_energy": 7210.802412493813,
    "transfer_duration": 10.009256899557174
}