{
    "hosts": {
        "destination": 601.7774956402839,
        "jgoldverg@gmail.com_tacc": 601.8606712660289,
        "router1": 501.4812463544877,
        "router2": 501.4812463544877,
        "router3": 501.4812463544877,
        "router4": 501.4812463544877,
        "router5": 501.4812463544877,
        "router6": 501.4812463544877,
        "router7": 501.4812463544877,
        "router8": 501.4812463544877
    },
    "links": {
        "__loopback__": 0.0,
        "link1": 803.762519822423,
        "link2": 803.762519822423,
        "link3": 803.762519822423,
        "link4": 803.762519822423,
        "link5": 803.762519822423,
        "link6": 803.762519822423,
        "link7": 803.762519822423,
        "link8": 803.762519822423,
        "link9": 803.762519822423
    },
    "total_energy_hosts": 5215.488137742214,
    "total_link_energy": 7233.862678401808,
    "transfer_duration": 10.029624927089754
}