{
    "hosts": {
        "destination": 10.022404918300126,
        "jgoldverg@gmail.com_system76": 12.21783845407039,
        "router1": 501.1202163288178,
        "router2": 501.1202163288178,
        "router3": 501.1202163288178,
        "router4": 501.1202163288178,
        "router5": 501.1202163288178,
        "router6": 501.1202163288178,
        "router7": 501.1202163288178,
        "router8": 501.1202163288178
    },
    "links": {
        "__loopback__": 0.0,
        "link1": 802.860561810217,
        "link2": 802.860561810217,
        "link3": 802.860561810217,
        "link4": 802.860561810217,
        "link5": 802.860561810217,
        "link6": 802.860561810217,
        "link7": 802.860561810217,
        "link8": 802.860561810217,
        "link9": 802.860561810217
    },
    "total_energy_hosts": 4031.2019740029123,
    "total_link_energy": 7225.745056291953,
    "transfer_duration": 10.022404326576355
}