{
    "hosts": {
        "destination": 613.7228931696707,
        "jgoldverg@gmail.com_tacc": 614.5904079193726,
        "router1": 511.43574429564336,
        "router2": 511.43574429564336,
        "router3": 511.43574429564336,
        "router4": 511.43574429564336,
        "router5": 511.43574429564336,
        "router6": 511.43574429564336,
        "router7": 511.43574429564336,
        "router8": 511.43574429564336
    },
    "links": {
        "__loopback__": 0.0,
        "link1": 828.8075860705401,
        "link2": 828.8075860705401,
        "link3": 828.8075860705401,
        "link4": 828.8075860705401,
        "link5": 828.8075860705401,
        "link6": 828.8075860705401,
        "link7": 828.8075860705401,
        "link8": 828.8075860705401,
        "link9": 828.8075860705401
    },
    "total_energy_hosts": 5319.799255454191,
    "total_link_energy": 7459.268274634862,
    "transfer_duration": 10.228714885912867
}