{
    "hosts": {
        "destination": 1966.387872781066,
        "jgoldverg@gmail.com_system76": 311144.5816431067,
        "router1": 98319.39360946263,
        "router2": 98319.39360946263,
        "router3": 98319.39360946263,
        "router4": 98319.39360946263,
        "router5": 98319.39360946263,
        "router6": 98319.39360946263,
        "router7": 98319.39360946263,
        "router8": 98319.39360946263
    },
    "links": {
        "__loopback__": 0.0,
        "link1": 247807.2881233274,
        "link2": 247807.2881233274,
        "link3": 247807.2881233274,
        "link4": 247807.2881233274,
        "link5": 247807.2881233274,
        "link6": 247807.2881233274,
        "link7": 247807.2881233274,
        "link8": 247807.2881233274,
        "link9": 247807.2881233274
    },
    "total_energy_hosts": 1099666.118391589,
    "total_link_energy": 2230265.593109946,
    "transfer_duration": 1966.3878721892524
}