{
    "hosts": {
        "destination": 98.5514697004372,
        "jgoldverg@gmail.com_ccuc": 103.0089990053463,
        "router1": 547.5081649033727,
        "router2": 547.5081649033727,
        "router3": 547.5081649033727,
        "router4": 547.5081649033727,
        "router5": 547.5081649033727,
        "router6": 547.5081649033727,
        "router7": 547.5081649033727,
        "router8": 547.5081649033727
    },
    "links": {
        "__loopback__": 0.0,
        "link1": 919.7376494676492,
        "link2": 919.7376494676492,
        "link3": 919.7376494676492,
        "link4": 919.7376494676492,
        "link5": 919.7376494676492,
        "link6": 919.7376494676492,
        "link7": 919.7376494676492,
        "link8": 919.7376494676492,
        "link9": 919.7376494676492
    },
    "total_energy_hosts": 4581.625787932766,
    "total_link_energy": 8277.638845208843,
    "transfer_duration": 10.950163298067455
}