{
    "hosts": {
        "destination": 154125.57721775727,
        "jgoldverg@gmail.com_ccuc": 235143.77291074855,
        "router1": 856253.2067652193,
        "router2": 856253.2067652193,
        "router3": 856253.2067652193,
        "router4": 856253.2067652193,
        "router5": 856253.2067652193,
        "router6": 856253.2067652193,
        "router7": 856253.2067652193,
        "router8": 856253.2067652193
    },
    "links": {
        "__loopback__": 0.0,
        "link1": 2156989.577319627,
        "link2": 2156989.577319627,
        "link3": 2156989.577319627,
        "link4": 2156989.577319627,
        "link5": 2156989.577319627,
        "link6": 2156989.577319627,
        "link7": 2156989.577319627,
        "link8": 2156989.577319627,
        "link9": 2156989.577319627
    },
    "total_energy_hosts": 7239295.004250262,
    "total_link_energy": 19412906.195876643,
    "transfer_duration": 17125.064135304387
}