{
    "hosts": {
        "destination": 2497.503975850574,
        "jgoldverg@gmail.com_tacc": 2622.061238093572,
        "router1": 2081.253313196396,
        "router2": 2081.253313196396,
        "router3": 2081.253313196396,
        "router4": 2081.253313196396,
        "router5": 2081.253313196396,
        "router6": 2081.253313196396,
        "router7": 2081.253313196396,
        "router8": 2081.253313196396
    },
    "links": {
        "__loopback__": 0.0,
        "link1": 4778.397534552982,
        "link2": 4778.397534552982,
        "link3": 4778.397534552982,
        "link4": 4778.397534552982,
        "link5": 4778.397534552982,
        "link6": 4778.397534552982,
        "link7": 4778.397534552982,
        "link8": 4778.397534552982,
        "link9": 4778.397534552982
    },
    "total_energy_hosts": 21769.591719515316,
    "total_link_energy": 43005.57781097684,
    "transfer_duration": 41.62506626392792
}