{
    "hosts": {
        "destination": 600.5111967680438,
        "jgoldverg@gmail.com_tacc": 600.5112267516553,
        "router1": 500.4259972942876,
        "router2": 500.4259972942876,
        "router3": 500.4259972942876,
        "router4": 500.4259972942876,
        "router5": 500.4259972942876,
        "router6": 500.4259972942876,
        "router7": 500.4259972942876,
        "router8": 500.4259972942876
    },
    "links": {
        "__loopback__": 0.0,
        "link1": 801.107560950845,
        "link2": 801.107560950845,
        "link3": 801.107560950845,
        "link4": 801.107560950845,
        "link5": 801.107560950845,
        "link6": 801.107560950845,
        "link7": 801.107560950845,
        "link8": 801.107560950845,
        "link9": 801.107560950845
    },
    "total_energy_hosts": 5204.4304018739995,
    "total_link_energy": 7209.968048557606,
    "transfer_duration": 10.008519945885752
}