{
    "hosts": {
        "destination": 600.5107451128981,
        "jgoldverg@gmail.com_tacc": 600.5107454406693,
        "router1": 500.42562091499957,
        "router2": 500.42562091499957,
        "router3": 500.42562091499957,
        "router4": 500.42562091499957,
        "router5": 500.42562091499957,
        "router6": 500.42562091499957,
        "router7": 500.42562091499957,
        "router8": 500.42562091499957
    },
    "links": {
        "__loopback__": 0.0,
        "link1": 801.1066139975925,
        "link2": 801.1066139975925,
        "link3": 801.1066139975925,
        "link4": 801.1066139975925,
        "link5": 801.1066139975925,
        "link6": 801.1066139975925,
        "link7": 801.1066139975925,
        "link8": 801.1066139975925,
        "link9": 801.1066139975925
    },
    "total_energy_hosts": 5204.426457873564,
    "total_link_energy": 7209.959525978334,
    "transfer_duration": 10.008512418299992
}