{
    "hosts": {
        "destination": 90.09563237923153,
        "jgoldverg@gmail.com_ccuc": 90.10563705417472,
        "router1": 500.53129089667465,
        "router2": 500.53129089667465,
        "router3": 500.53129089667465,
        "router4": 500.53129089667465,
        "router5": 500.53129089667465,
        "router6": 500.53129089667465,
        "router7": 500.53129089667465,
        "router8": 500.53129089667465
    },
    "links": {
        "__loopback__": 0.0,
        "link1": 801.3728642693034,
        "link2": 801.3728642693034,
        "link3": 801.3728642693034,
        "link4": 801.3728642693034,
        "link5": 801.3728642693034,
        "link6": 801.3728642693034,
        "link7": 801.3728642693034,
        "link8": 801.3728642693034,
        "link9": 801.3728642693034
    },
    "total_energy_hosts": 4184.451596606804,
    "total_link_energy": 7212.355778423729,
    "transfer_duration": 10.010625817933493
}