{
    "hosts": {
        "destination": 1197.9312270391329,
        "jgoldverg@gmail.com_system76": 188932.37916935867,
        "router1": 59896.56132236596,
        "router2": 59896.56132236596,
        "router3": 59896.56132236596,
        "router4": 59896.56132236596,
        "router5": 59896.56132236596,
        "router6": 59896.56132236596,
        "router7": 59896.56132236596,
        "router8": 59896.56132236596
    },
    "links": {
        "__loopback__": 0.0,
        "link1": 150784.41739422016,
        "link2": 150784.41739422016,
        "link3": 150784.41739422016,
        "link4": 150784.41739422016,
        "link5": 150784.41739422016,
        "link6": 150784.41739422016,
        "link7": 150784.41739422016,
        "link8": 150784.41739422016,
        "link9": 150784.41739422016
    },
    "total_energy_hosts": 669302.8009753255,
    "total_link_energy": 1357059.7565479814,
    "transfer_duration": 1197.9312264473192
}