{
    "hosts": {
        "destination": 10.008520462004618,
        "jgoldverg@gmail.com_system76": 10.009711302821854,
        "router1": 500.4259935140424,
        "router2": 500.4259935140424,
        "router3": 500.4259935140424,
        "router4": 500.4259935140424,
        "router5": 500.4259935140424,
        "router6": 500.4259935140424,
        "router7": 500.4259935140424,
        "router8": 500.4259935140424
    },
    "links": {
        "__loopback__": 0.0,
        "link1": 801.1075549024526,
        "link2": 801.1075549024526,
        "link3": 801.1075549024526,
        "link4": 801.1075549024526,
        "link5": 801.1075549024526,
        "link6": 801.1075549024526,
        "link7": 801.1075549024526,
        "link8": 801.1075549024526,
        "link9": 801.1075549024526
    },
    "total_energy_hosts": 4023.426179877166,
    "total_link_energy": 7209.967994122074,
    "transfer_duration": 10.008519870280848
}