{
    "hosts": {
        "destination": 90.07661104194437,
        "jgoldverg@gmail.com_ccuc": 90.07661104640187,
        "router1": 500.4256168006349,
        "router2": 500.4256168006349,
        "router3": 500.4256168006349,
        "router4": 500.4256168006349,
        "router5": 500.4256168006349,
        "router6": 500.4256168006349,
        "router7": 500.4256168006349,
        "router8": 500.4256168006349
    },
    "links": {
        "__loopback__": 0.0,
        "link1": 801.1066036475986,
        "link2": 801.1066036475986,
        "link3": 801.1066036475986,
        "link4": 801.1066036475986,
        "link5": 801.1066036475986,
        "link6": 801.1066036475986,
        "link7": 801.1066036475986,
        "link8": 801.1066036475986,
        "link9": 801.1066036475986
    },
    "total_energy_hosts": 4183.5581564934255,
    "total_link_energy": 7209.959432828387,
    "transfer_duration": 10.008512336012698
}