{
    "hosts": {
        "destination": 650.1749398991301,
        "jgoldverg@gmail.com_tacc": 653.4359092264542,
        "router1": 541.8124499035262,
        "router2": 541.8124499035262,
        "router3": 541.8124499035262,
        "router4": 541.8124499035262,
        "router5": 541.8124499035262,
        "router6": 541.8124499035262,
        "router7": 541.8124499035262,
        "router8": 541.8124499035262
    },
    "links": {
        "__loopback__": 0.0,
        "link1": 905.2340024349052,
        "link2": 905.2340024349052,
        "link3": 905.2340024349052,
        "link4": 905.2340024349052,
        "link5": 905.2340024349052,
        "link6": 905.2340024349052,
        "link7": 905.2340024349052,
        "link8": 905.2340024349052,
        "link9": 905.2340024349052
    },
    "total_energy_hosts": 5638.110448353793,
    "total_link_energy": 8147.106021914146,
    "transfer_duration": 10.836248998070523
}