{
    "hosts": {
        "destination": 41.311302427632576,
        "jgoldverg@gmail.com_system76": 4988.276148027267,
        "router1": 2065.5650917954404,
        "router2": 2065.5650917954404,
        "router3": 2065.5650917954404,
        "router4": 2065.5650917954404,
        "router5": 2065.5650917954404,
        "router6": 2065.5650917954404,
        "router7": 2065.5650917954404,
        "router8": 2065.5650917954404
    },
    "links": {
        "__loopback__": 0.0,
        "link1": 4753.296380311453,
        "link2": 4753.296380311453,
        "link3": 4753.296380311453,
        "link4": 4753.296380311453,
        "link5": 4753.296380311453,
        "link6": 4753.296380311453,
        "link7": 4753.296380311453,
        "link8": 4753.296380311453,
        "link9": 4753.296380311453
    },
    "total_energy_hosts": 21554.108184818426,
    "total_link_energy": 42779.66742280308,
    "transfer_duration": 41.31130183590881
}