{
    "hosts": {
        "destination": 866979.8088413827,
        "jgoldverg@gmail.com_ccuc": 866979.8088413827,
        "router1": 260093.94265241481,
        "router2": 260093.94265241481,
        "router3": 260093.94265241481,
        "router4": 260093.94265241481,
        "router5": 260093.94265241481,
        "router6": 260093.94265241481,
        "router7": 260093.94265241481,
        "router8": 260093.94265241481
    },
    "links": {
        "__loopback__": 0.0,
        "link1": 1126573.7514937974,
        "link2": 1126573.7514937974,
        "link3": 1126573.7514937974,
        "link4": 1126573.7514937974,
        "link5": 1126573.7514937974,
        "link6": 1126573.7514937974,
        "link7": 1126573.7514937974,
        "link8": 1126573.7514937974,
        "link9": 1126573.7514937974
    },
    "total_energy_hosts": 3814711.1589020854,
    "total_link_energy": 10139163.763444176,
    "transfer_duration": 8669.798088413827
}