{
    "hosts": {
        "destination": 937.5624810862809,
        "jgoldverg@gmail.com_ccuc": 1383.3154133423816,
        "router1": 5208.6804503802805,
        "router2": 5208.6804503802805,
        "router3": 5208.6804503802805,
        "router4": 5208.6804503802805,
        "router5": 5208.6804503802805,
        "router6": 5208.6804503802805,
        "router7": 5208.6804503802805,
        "router8": 5208.6804503802805
    },
    "links": {
        "__loopback__": 0.0,
        "link1": 12664.21124437503,
        "link2": 12664.21124437503,
        "link3": 12664.21124437503,
        "link4": 12664.21124437503,
        "link5": 12664.21124437503,
        "link6": 12664.21124437503,
        "link7": 12664.21124437503,
        "link8": 12664.21124437503,
        "link9": 12664.21124437503
    },
    "total_energy_hosts": 43990.321497470904,
    "total_link_energy": 113977.90119937528,
    "transfer_duration": 104.1736090076056
}