{
    "hosts": {
        "destination": 10.008512949215417,
        "jgoldverg@gmail.com_system76": 10.008516499543038,
        "router1": 500.4256178745823,
        "router2": 500.4256178745823,
        "router3": 500.4256178745823,
        "router4": 500.4256178745823,
        "router5": 500.4256178745823,
        "router6": 500.4256178745823,
        "router7": 500.4256178745823,
        "router8": 500.4256178745823
    },
    "links": {
        "__loopback__": 0.0,
        "link1": 801.1066063617908,
        "link2": 801.1066063617908,
        "link3": 801.1066063617908,
        "link4": 801.1066063617908,
        "link5": 801.1066063617908,
        "link6": 801.1066063617908,
        "link7": 801.1066063617908,
        "link8": 801.1066063617908,
        "link9": 801.1066063617908
    },
    "total_energy_hosts": 4023.421972445417,
    "total_link_energy": 7209.959457256117,
    "transfer_duration": 10.008512357491647
}