{
    "hosts": {
        "destination": 10.008513765456657,
        "jgoldverg@gmail.com_system76": 10.00864631121365,
        "router1": 500.42565868664434,
        "router2": 500.42565868664434,
        "router3": 500.42565868664434,
        "router4": 500.42565868664434,
        "router5": 500.42565868664434,
        "router6": 500.42565868664434,
        "router7": 500.42565868664434,
        "router8": 500.42565868664434
    },
    "links": {
        "__loopback__": 0.0,
        "link1": 801.1067094177911,
        "link2": 801.1067094177911,
        "link3": 801.1067094177911,
        "link4": 801.1067094177911,
        "link5": 801.1067094177911,
        "link6": 801.1067094177911,
        "link7": 801.1067094177911,
        "link8": 801.1067094177911,
        "link9": 801.1067094177911
    },
    "total_energy_hosts": 4023.4224295698255,
    "total_link_energy": 7209.960384760119,
    "transfer_duration": 10.008513173732887
}