{
    "hosts": {
        "jgoldverg@gmail.com-ccuc": 6736.204880914769,
        "jgoldverg@gmail.com-macmini": 3544.223630619408,
        "router1": 35442.2363060868,
        "router10": 35442.2363060868,
        "router11": 35442.2363060868,
        "router2": 35442.2363060868,
        "router3": 35442.2363060868,
        "router4": 35442.2363060868,
        "router5": 35442.2363060868,
        "router6": 35442.2363060868,
        "router7": 35442.2363060868,
        "router8": 35442.2363060868,
        "router9": 35442.2363060868
    },
    "links": {
        "__loopback__": 0.0,
        "link1": 60171.53308621809,
        "link10": 60171.53308621809,
        "link11": 60171.53308621809,
        "link12": 91347.12805453094,
        "link2": 60171.53308621809,
        "link3": 60171.53308621809,
        "link4": 60171.53308621809,
        "link5": 60171.53308621809,
        "link6": 60171.53308621809,
        "link7": 60171.53308621809,
        "link8": 60171.53308621809,
        "link9": 60171.53308621809
    },
    "total_energy_hosts": 400145.02787848905,
    "total_link_energy": 753233.9920029299,
    "transfer_duration": 708.844726121736
}