{
    "hosts": {
        "destination": 657.2370832335926,
        "jgoldverg@gmail.com_tacc": 660.9617554475378,
        "router1": 547.6975693489117,
        "router2": 547.6975693489117,
        "router3": 547.6975693489117,
        "router4": 547.6975693489117,
        "router5": 547.6975693489117,
        "router6": 547.6975693489117,
        "router7": 547.6975693489117,
        "router8": 547.6975693489117
    },
    "links": {
        "__loopback__": 0.0,
        "link1": 920.0406965805115,
        "link2": 920.0406965805115,
        "link3": 920.0406965805115,
        "link4": 920.0406965805115,
        "link5": 920.0406965805115,
        "link6": 920.0406965805115,
        "link7": 920.0406965805115,
        "link8": 920.0406965805115,
        "link9": 920.0406965805115
    },
    "total_energy_hosts": 5699.779393472423,
    "total_link_energy": 8280.366269224603,
    "transfer_duration": 10.953951386978233
}