{
    "hosts": {
        "destination": 600.6380592219302,
        "jgoldverg@gmail.com_tacc": 600.6464190401664,
        "router1": 500.53171600585966,
        "router2": 500.53171600585966,
        "router3": 500.53171600585966,
        "router4": 500.53171600585966,
        "router5": 500.53171600585966,
        "router6": 500.53171600585966,
        "router7": 500.53171600585966,
        "router8": 500.53171600585966
    },
    "links": {
        "__loopback__": 0.0,
        "link1": 801.3735444439994,
        "link2": 801.3735444439994,
        "link3": 801.3735444439994,
        "link4": 801.3735444439994,
        "link5": 801.3735444439994,
        "link6": 801.3735444439994,
        "link7": 801.3735444439994,
        "link8": 801.3735444439994,
        "link9": 801.3735444439994
    },
    "total_energy_hosts": 5205.538206308974,
    "total_link_energy": 7212.3618999959945,
    "transfer_duration": 10.010634320117193
}