{
    "hosts": {
        "destination": 6370.601357037297,
        "jgoldverg@gmail.com_tacc": 6749.467594723531,
        "router1": 5308.834464185333,
        "router2": 5308.834464185333,
        "router3": 5308.834464185333,
        "router4": 5308.834464185333,
        "router5": 5308.834464185333,
        "router6": 5308.834464185333,
        "router7": 5308.834464185333,
        "router8": 5308.834464185333
    },
    "links": {
        "__loopback__": 0.0,
        "link1": 12898.845619984766,
        "link2": 12898.845619984766,
        "link3": 12898.845619984766,
        "link4": 12898.845619984766,
        "link5": 12898.845619984766,
        "link6": 12898.845619984766,
        "link7": 12898.845619984766,
        "link8": 12898.845619984766,
        "link9": 12898.845619984766
    },
    "total_energy_hosts": 55590.74466524349,
    "total_link_energy": 116089.61057986291,
    "transfer_duration": 106.17668928370665
}