{
    "hosts": {
        "destination": 10.008513545483389,
        "jgoldverg@gmail.com_system76": 10.00861132756639,
        "router1": 500.4256476879809,
        "router2": 500.4256476879809,
        "router3": 500.4256476879809,
        "router4": 500.4256476879809,
        "router5": 500.4256476879809,
        "router6": 500.4256476879809,
        "router7": 500.4256476879809,
        "router8": 500.4256476879809
    },
    "links": {
        "__loopback__": 0.0,
        "link1": 801.1066816446718,
        "link2": 801.1066816446718,
        "link3": 801.1066816446718,
        "link4": 801.1066816446718,
        "link5": 801.1066816446718,
        "link6": 801.1066816446718,
        "link7": 801.1066816446718,
        "link8": 801.1066816446718,
        "link9": 801.1066816446718
    },
    "total_energy_hosts": 4023.4223063768973,
    "total_link_energy": 7209.960134802046,
    "transfer_duration": 10.008512953759618
}