{
    "hosts": {
        "destination": 10.008512928622178,
        "jgoldverg@gmail.com_system76": 10.008513224484064,
        "router1": 500.4256168449204,
        "router2": 500.4256168449204,
        "router3": 500.4256168449204,
        "router4": 500.4256168449204,
        "router5": 500.4256168449204,
        "router6": 500.4256168449204,
        "router7": 500.4256168449204,
        "router8": 500.4256168449204
    },
    "links": {
        "__loopback__": 0.0,
        "link1": 801.1066037617543,
        "link2": 801.1066037617543,
        "link3": 801.1066037617543,
        "link4": 801.1066037617543,
        "link5": 801.1066037617543,
        "link6": 801.1066037617543,
        "link7": 801.1066037617543,
        "link8": 801.1066037617543,
        "link9": 801.1066037617543
    },
    "total_energy_hosts": 4023.42196091247,
    "total_link_energy": 7209.959433855789,
    "transfer_duration": 10.008512336898407
}