{
    "hosts": {
        "destination": 10.02941599620914,
        "jgoldverg@gmail.com_system76": 13.33285161417938,
        "router1": 501.4707702242685,
        "router2": 501.4707702242685,
        "router3": 501.4707702242685,
        "router4": 501.4707702242685,
        "router5": 501.4707702242685,
        "router6": 501.4707702242685,
        "router7": 501.4707702242685,
        "router8": 501.4707702242685
    },
    "links": {
        "__loopback__": 0.0,
        "link1": 803.7457580140722,
        "link2": 803.7457580140722,
        "link3": 803.7457580140722,
        "link4": 803.7457580140722,
        "link5": 803.7457580140722,
        "link6": 803.7457580140722,
        "link7": 803.7457580140722,
        "link8": 803.7457580140722,
        "link9": 803.7457580140722
    },
    "total_energy_hosts": 4035.1284294045367,
    "total_link_energy": 7233.71182212665,
    "transfer_duration": 10.02941540448537
}