{
    "hosts": {
        "destination": 119159.86188228773,
        "jgoldverg@gmail.com_tacc": 126944.51177635805,
        "router1": 99299.88490189402,
        "router2": 99299.88490189402,
        "router3": 99299.88490189402,
        "router4": 99299.88490189402,
        "router5": 99299.88490189402,
        "router6": 99299.88490189402,
        "router7": 99299.88490189402,
        "router8": 99299.88490189402
    },
    "links": {
        "__loopback__": 0.0,
        "link1": 249376.07419121766,
        "link2": 249376.07419121766,
        "link3": 249376.07419121766,
        "link4": 249376.07419121766,
        "link5": 249376.07419121766,
        "link6": 249376.07419121766,
        "link7": 249376.07419121766,
        "link8": 249376.07419121766,
        "link9": 249376.07419121766
    },
    "total_energy_hosts": 1040503.452873798,
    "total_link_energy": 2244384.6677209595,
    "transfer_duration": 1985.9976980378804
}