{
    "hosts": {
        "destination": 952.122351878861,
        "jgoldverg@gmail.com_ccuc": 1405.5333529339825,
        "router1": 5289.56862145017,
        "router2": 5289.56862145017,
        "router3": 5289.56862145017,
        "router4": 5289.56862145017,
        "router5": 5289.56862145017,
        "router6": 5289.56862145017,
        "router7": 5289.56862145017,
        "router8": 5289.56862145017
    },
    "links": {
        "__loopback__": 0.0,
        "link1": 12868.020271608504,
        "link2": 12868.020271608504,
        "link3": 12868.020271608504,
        "link4": 12868.020271608504,
        "link5": 12868.020271608504,
        "link6": 12868.020271608504,
        "link7": 12868.020271608504,
        "link8": 12868.020271608504,
        "link9": 12868.020271608504
    },
    "total_energy_hosts": 44674.2046764142,
    "total_link_energy": 115812.18244447654,
    "transfer_duration": 105.7913724290034
}