{
    "hosts": {
        "destination": 105.22231157420883,
        "jgoldverg@gmail.com_system76": 15152.421690137611,
        "router1": 5261.1155491242525,
        "router2": 5261.1155491242525,
        "router3": 5261.1155491242525,
        "router4": 5261.1155491242525,
        "router5": 5261.1155491242525,
        "router6": 5261.1155491242525,
        "router7": 5261.1155491242525,
        "router8": 5261.1155491242525
    },
    "links": {
        "__loopback__": 0.0,
        "link1": 12822.495355887038,
        "link2": 12822.495355887038,
        "link3": 12822.495355887038,
        "link4": 12822.495355887038,
        "link5": 12822.495355887038,
        "link6": 12822.495355887038,
        "link7": 12822.495355887038,
        "link8": 12822.495355887038,
        "link9": 12822.495355887038
    },
    "total_energy_hosts": 57346.56839470584,
    "total_link_energy": 115402.45820298333,
    "transfer_duration": 105.22231098248506
}