{
    "hosts": {
        "jgoldverg@gmail.com-cali": 15800.498203052968,
        "jgoldverg@gmail.com-macmini": 2239.9910152755715,
        "router1": 22399.910152648452,
        "router2": 22399.910152648452,
        "router3": 22399.910152648452,
        "router4": 22399.910152648452,
        "router5": 22399.910152648452,
        "router6": 22399.910152648452,
        "router7": 22399.910152648452,
        "router8": 22399.910152648452
    },
    "links": {
        "__loopback__": 0.0,
        "link1": 57489.76639687009,
        "link2": 38004.84725950078,
        "link3": 38004.84725950078,
        "link4": 38004.84725950078,
        "link5": 38004.84725950078,
        "link6": 38004.84725950078,
        "link7": 38004.84725950078,
        "link8": 38004.84725950078,
        "link9": 57489.76639687009
    },
    "total_energy_hosts": 197239.7704395162,
    "total_link_energy": 381013.46361024556,
    "transfer_duration": 447.9982030529691
}