{
    "hosts": {
        "destination": 90.07661130466502,
        "jgoldverg@gmail.com_ccuc": 90.07661144730605,
        "router1": 500.425618260194,
        "router2": 500.425618260194,
        "router3": 500.425618260194,
        "router4": 500.425618260194,
        "router5": 500.425618260194,
        "router6": 500.425618260194,
        "router7": 500.425618260194,
        "router8": 500.425618260194
    },
    "links": {
        "__loopback__": 0.0,
        "link1": 801.1066073251613,
        "link2": 801.1066073251613,
        "link3": 801.1066073251613,
        "link4": 801.1066073251613,
        "link5": 801.1066073251613,
        "link6": 801.1066073251613,
        "link7": 801.1066073251613,
        "link8": 801.1066073251613,
        "link9": 801.1066073251613
    },
    "total_energy_hosts": 4183.558168833523,
    "total_link_energy": 7209.959465926452,
    "transfer_duration": 10.008512365203881
}