{
    "hosts": {
        "destination": 10.828035085345054,
        "jgoldverg@gmail.com_system76": 140.34196574142618,
        "router1": 541.4017246810641,
        "router2": 541.4017246810641,
        "router3": 541.4017246810641,
        "router4": 541.4017246810641,
        "router5": 541.4017246810641,
        "router6": 541.4017246810641,
        "router7": 541.4017246810641,
        "router8": 541.4017246810641
    },
    "links": {
        "__loopback__": 0.0,
        "link1": 904.5768420789659,
        "link2": 904.5768420789659,
        "link3": 904.5768420789659,
        "link4": 904.5768420789659,
        "link5": 904.5768420789659,
        "link6": 904.5768420789659,
        "link7": 904.5768420789659,
        "link8": 904.5768420789659,
        "link9": 904.5768420789659
    },
    "total_energy_hosts": 4482.383798275284,
    "total_link_energy": 8141.1915787106955,
    "transfer_duration": 10.828034493621283
}