{
    "hosts": {
        "destination": 84838.66361967055,
        "jgoldverg@gmail.com_ccuc": 129413.95684704588,
        "router1": 471325.9089980709,
        "router2": 471325.9089980709,
        "router3": 471325.9089980709,
        "router4": 471325.9089980709,
        "router5": 471325.9089980709,
        "router6": 471325.9089980709,
        "router7": 471325.9089980709,
        "router8": 471325.9089980709
    },
    "links": {
        "__loopback__": 0.0,
        "link1": 1187111.570735113,
        "link2": 1187111.570735113,
        "link3": 1187111.570735113,
        "link4": 1187111.570735113,
        "link5": 1187111.570735113,
        "link6": 1187111.570735113,
        "link7": 1187111.570735113,
        "link8": 1187111.570735113,
        "link9": 1187111.570735113
    },
    "total_energy_hosts": 3984859.892451283,
    "total_link_energy": 10684004.136616018,
    "transfer_duration": 9426.518179961418
}