{
    "hosts": {
        "destination": 10.01173999358615,
        "jgoldverg@gmail.com_system76": 10.521732439854281,
        "router1": 500.586970093119,
        "router2": 500.586970093119,
        "router3": 500.586970093119,
        "router4": 500.586970093119,
        "router5": 500.586970093119,
        "router6": 500.586970093119,
        "router7": 500.586970093119,
        "router8": 500.586970093119
    },
    "links": {
        "__loopback__": 0.0,
        "link1": 801.5140426310371,
        "link2": 801.5140426310371,
        "link3": 801.5140426310371,
        "link4": 801.5140426310371,
        "link5": 801.5140426310371,
        "link6": 801.5140426310371,
        "link7": 801.5140426310371,
        "link8": 801.5140426310371,
        "link9": 801.5140426310371
    },
    "total_energy_hosts": 4025.229233178392,
    "total_link_energy": 7213.626383679334,
    "transfer_duration": 10.01173940186238
}