{
    "hosts": {
        "destination": 600.5107474954045,
        "jgoldverg@gmail.com_tacc": 600.5107479796119,
        "router1": 500.42562290042156,
        "router2": 500.42562290042156,
        "router3": 500.42562290042156,
        "router4": 500.42562290042156,
        "router5": 500.42562290042156,
        "router6": 500.42562290042156,
        "router7": 500.42562290042156,
        "router8": 500.42562290042156
    },
    "links": {
        "__loopback__": 0.0,
        "link1": 801.1066189928243,
        "link2": 801.1066189928243,
        "link3": 801.1066189928243,
        "link4": 801.1066189928243,
        "link5": 801.1066189928243,
        "link6": 801.1066189928243,
        "link7": 801.1066189928243,
        "link8": 801.1066189928243,
        "link9": 801.1066189928243
    },
    "total_energy_hosts": 5204.426478678388,
    "total_link_energy": 7209.959570935419,
    "transfer_duration": 10.00851245800843
}