{
    "hosts": {
        "destination": 112.41264365768451,
        "jgoldverg@gmail.com_ccuc": 124.16074753650359,
        "router1": 624.5146868880801,
        "router2": 624.5146868880801,
        "router3": 624.5146868880801,
        "router4": 624.5146868880801,
        "router5": 624.5146868880801,
        "router6": 624.5146868880801,
        "router7": 624.5146868880801,
        "router8": 624.5146868880801
    },
    "links": {
        "__loopback__": 0.0,
        "link1": 1113.7663205174078,
        "link2": 1113.7663205174078,
        "link3": 1113.7663205174078,
        "link4": 1113.7663205174078,
        "link5": 1113.7663205174078,
        "link6": 1113.7663205174078,
        "link7": 1113.7663205174078,
        "link8": 1113.7663205174078,
        "link9": 1113.7663205174078
    },
    "total_energy_hosts": 5232.690886298829,
    "total_link_energy": 10023.896884656671,
    "transfer_duration": 12.490293737761602
}