{
    "hosts": {
        "destination": 44132.34820517638,
        "jgoldverg@gmail.com_tacc": 46990.66440416327,
        "router1": 36776.95683763456,
        "router2": 36776.95683763456,
        "router3": 36776.95683763456,
        "router4": 36776.95683763456,
        "router5": 36776.95683763456,
        "router6": 36776.95683763456,
        "router7": 36776.95683763456,
        "router8": 36776.95683763456
    },
    "links": {
        "__loopback__": 0.0,
        "link1": 92071.21716556541,
        "link2": 92071.21716556541,
        "link3": 92071.21716556541,
        "link4": 92071.21716556541,
        "link5": 92071.21716556541,
        "link6": 92071.21716556541,
        "link7": 92071.21716556541,
        "link8": 92071.21716556541,
        "link9": 92071.21716556541
    },
    "total_energy_hosts": 385338.6673104161,
    "total_link_energy": 828640.9544900886,
    "transfer_duration": 735.5391367526913
}