{
    "hosts": {
        "jgoldverg@gmail.com-ccuc": 2582.368984889087,
        "jgoldverg@gmail.com-macmini": 1360.3572806812306,
        "router1": 13603.572806705042,
        "router10": 13603.572806705042,
        "router11": 13603.572806705042,
        "router2": 13603.572806705042,
        "router3": 13603.572806705042,
        "router4": 13603.572806705042,
        "router5": 13603.572806705042,
        "router6": 13603.572806705042,
        "router7": 13603.572806705042,
        "router8": 13603.572806705042,
        "router9": 13603.572806705042
    },
    "links": {
        "__loopback__": 0.0,
        "link1": 23064.723033599028,
        "link10": 23064.723033599028,
        "link11": 23064.723033599028,
        "link12": 34755.78191943765,
        "link2": 23064.723033599028,
        "link3": 23064.723033599028,
        "link4": 23064.723033599028,
        "link5": 23064.723033599028,
        "link6": 23064.723033599028,
        "link7": 23064.723033599028,
        "link8": 23064.723033599028,
        "link9": 23064.723033599028
    },
    "total_energy_hosts": 153582.02713932577,
    "total_link_energy": 288467.735289027,
    "transfer_duration": 272.07145613410086
}