{
    "hosts": {
        "destination": 12.475549665171235,
        "jgoldverg@gmail.com_system76": 402.3559473028377,
        "router1": 623.7774536723732,
        "router2": 623.7774536723732,
        "router3": 623.7774536723732,
        "router4": 623.7774536723732,
        "router5": 623.7774536723732,
        "router6": 623.7774536723732,
        "router7": 623.7774536723732,
        "router8": 623.7774536723732
    },
    "links": {
        "__loopback__": 0.0,
        "link1": 1112.586747372277,
        "link2": 1112.586747372277,
        "link3": 1112.586747372277,
        "link4": 1112.586747372277,
        "link5": 1112.586747372277,
        "link6": 1112.586747372277,
        "link7": 1112.586747372277,
        "link8": 1112.586747372277,
        "link9": 1112.586747372277
    },
    "total_energy_hosts": 5405.051126346996,
    "total_link_energy": 10013.280726350495,
    "transfer_duration": 12.475549073447464
}