{
    "hosts": {
        "destination": 600.5107407449698,
        "jgoldverg@gmail.com_tacc": 600.5107407859412,
        "router1": 500.4256172750592,
        "router2": 500.4256172750592,
        "router3": 500.4256172750592,
        "router4": 500.4256172750592,
        "router5": 500.4256172750592,
        "router6": 500.4256172750592,
        "router7": 500.4256172750592,
        "router8": 500.4256172750592
    },
    "links": {
        "__loopback__": 0.0,
        "link1": 801.1066048396673,
        "link2": 801.1066048396673,
        "link3": 801.1066048396673,
        "link4": 801.1066048396673,
        "link5": 801.1066048396673,
        "link6": 801.1066048396673,
        "link7": 801.1066048396673,
        "link8": 801.1066048396673,
        "link9": 801.1066048396673
    },
    "total_energy_hosts": 5204.426419731385,
    "total_link_energy": 7209.959443557004,
    "transfer_duration": 10.008512345501185
}