{
    "hosts": {
        "destination": 600.5107419362229,
        "jgoldverg@gmail.com_tacc": 600.5107420554125,
        "router1": 500.42561826777023,
        "router2": 500.42561826777023,
        "router3": 500.42561826777023,
        "router4": 500.42561826777023,
        "router5": 500.42561826777023,
        "router6": 500.42561826777023,
        "router7": 500.42561826777023,
        "router8": 500.42561826777023
    },
    "links": {
        "__loopback__": 0.0,
        "link1": 801.1066073372832,
        "link2": 801.1066073372832,
        "link3": 801.1066073372832,
        "link4": 801.1066073372832,
        "link5": 801.1066073372832,
        "link6": 801.1066073372832,
        "link7": 801.1066073372832,
        "link8": 801.1066073372832,
        "link9": 801.1066073372832
    },
    "total_energy_hosts": 5204.426430133796,
    "total_link_energy": 7209.959466035549,
    "transfer_duration": 10.008512365355404
}