{
    "hosts": {
        "jgoldverg@gmail.com-macmini": 13158.920928441883,
        "jgoldverg@gmail.com-tacc": 159024.452809827,
        "router1": 131589.20928431154,
        "router10": 131589.20928431154,
        "router2": 131589.20928431154,
        "router3": 131589.20928431154,
        "router4": 131589.20928431154,
        "router5": 131589.20928431154,
        "router6": 131589.20928431154,
        "router7": 131589.20928431154,
        "router8": 131589.20928431154,
        "router9": 131589.20928431154
    },
    "links": {
        "__loopback__": 0.0,
        "link1": 223532.46627200503,
        "link10": 223532.46627200503,
        "link11": 340440.0490259641,
        "link2": 223532.46627200503,
        "link3": 223532.46627200503,
        "link4": 223532.46627200503,
        "link5": 223532.46627200503,
        "link6": 223532.46627200503,
        "link7": 223532.46627200503,
        "link8": 223532.46627200503,
        "link9": 223532.46627200503
    },
    "total_energy_hosts": 1488075.4665813844,
    "total_link_energy": 2575764.711746014,
    "transfer_duration": 2631.784185686231
}