{
    "hosts": {
        "destination": 10.008512923941895,
        "jgoldverg@gmail.com_system76": 10.008512480149069,
        "router1": 500.4256166109062,
        "router2": 500.4256166109062,
        "router3": 500.4256166109062,
        "router4": 500.4256166109062,
        "router5": 500.4256166109062,
        "router6": 500.4256166109062,
        "router7": 500.4256166109062,
        "router8": 500.4256166109062
    },
    "links": {
        "__loopback__": 0.0,
        "link1": 801.1066031708368,
        "link2": 801.1066031708368,
        "link3": 801.1066031708368,
        "link4": 801.1066031708368,
        "link5": 801.1066031708368,
        "link6": 801.1066031708368,
        "link7": 801.1066031708368,
        "link8": 801.1066031708368,
        "link9": 801.1066031708368
    },
    "total_energy_hosts": 4023.4219582913406,
    "total_link_energy": 7209.9594285375315,
    "transfer_duration": 10.008512332218125
}