{
    "hosts": {
        "destination": 10.008512937046685,
        "jgoldverg@gmail.com_system76": 10.008514564279553,
        "router1": 500.42561726614576,
        "router2": 500.42561726614576,
        "router3": 500.42561726614576,
        "router4": 500.42561726614576,
        "router5": 500.42561726614576,
        "router6": 500.42561726614576,
        "router7": 500.42561726614576,
        "router8": 500.42561726614576
    },
    "links": {
        "__loopback__": 0.0,
        "link1": 801.1066048254057,
        "link2": 801.1066048254057,
        "link3": 801.1066048254057,
        "link4": 801.1066048254057,
        "link5": 801.1066048254057,
        "link6": 801.1066048254057,
        "link7": 801.1066048254057,
        "link8": 801.1066048254057,
        "link9": 801.1066048254057
    },
    "total_energy_hosts": 4023.421965630492,
    "total_link_energy": 7209.959443428653,
    "transfer_duration": 10.008512345322915
}