{
    "hosts": {
        "destination": 90.07661410136839,
        "jgoldverg@gmail.com_ccuc": 90.07661571499409,
        "router1": 500.42563379743495,
        "router2": 500.42563379743495,
        "router3": 500.42563379743495,
        "router4": 500.42563379743495,
        "router5": 500.42563379743495,
        "router6": 500.42563379743495,
        "router7": 500.42563379743495,
        "router8": 500.42563379743495
    },
    "links": {
        "__loopback__": 0.0,
        "link1": 801.1066464734066,
        "link2": 801.1066464734066,
        "link3": 801.1066464734066,
        "link4": 801.1066464734066,
        "link5": 801.1066464734066,
        "link6": 801.1066464734066,
        "link7": 801.1066464734066,
        "link8": 801.1066464734066,
        "link9": 801.1066464734066
    },
    "total_energy_hosts": 4183.558300195842,
    "total_link_energy": 7209.95981826066,
    "transfer_duration": 10.0085126759487
}