{
    "hosts": {
        "jgoldverg@gmail.com-cali": 6326.204388619979,
        "jgoldverg@gmail.com-macmini": 926.0219431106241,
        "router1": 9260.21943099897,
        "router2": 9260.21943099897,
        "router3": 9260.21943099897,
        "router4": 9260.21943099897,
        "router5": 9260.21943099897,
        "router6": 9260.21943099897,
        "router7": 9260.21943099897,
        "router8": 9260.21943099897
    },
    "links": {
        "__loopback__": 0.0,
        "link1": 23476.570520581427,
        "link2": 15682.37303269666,
        "link3": 15682.37303269666,
        "link4": 15682.37303269666,
        "link5": 15682.37303269666,
        "link6": 15682.37303269666,
        "link7": 15682.37303269666,
        "link8": 15682.37303269666,
        "link9": 23476.570520581427
    },
    "total_energy_hosts": 81333.98177972237,
    "total_link_energy": 156729.75227003946,
    "transfer_duration": 185.2043886199794
}