{
    "hosts": {
        "destination": 90.07661663535113,
        "jgoldverg@gmail.com_ccuc": 90.07661958177793,
        "router1": 500.42564787511685,
        "router2": 500.42564787511685,
        "router3": 500.42564787511685,
        "router4": 500.42564787511685,
        "router5": 500.42564787511685,
        "router6": 500.42564787511685,
        "router7": 500.42564787511685,
        "router8": 500.42564787511685
    },
    "links": {
        "__loopback__": 0.0,
        "link1": 801.1066819440892,
        "link2": 801.1066819440892,
        "link3": 801.1066819440892,
        "link4": 801.1066819440892,
        "link5": 801.1066819440892,
        "link6": 801.1066819440892,
        "link7": 801.1066819440892,
        "link8": 801.1066819440892,
        "link9": 801.1066819440892
    },
    "total_energy_hosts": 4183.558419218063,
    "total_link_energy": 7209.960137496803,
    "transfer_duration": 10.008512957502337
}