{
    "hosts": {
        "destination": 749920.1903918718,
        "jgoldverg@gmail.com_tacc": 799120.7916825378,
        "router1": 624933.4919932141,
        "router2": 624933.4919932141,
        "router3": 624933.4919932141,
        "router4": 624933.4919932141,
        "router5": 624933.4919932141,
        "router6": 624933.4919932141,
        "router7": 624933.4919932141,
        "router8": 624933.4919932141
    },
    "links": {
        "__loopback__": 0.0,
        "link1": 1571846.4378056144,
        "link2": 1571846.4378056144,
        "link3": 1571846.4378056144,
        "link4": 1571846.4378056144,
        "link5": 1571846.4378056144,
        "link6": 1571846.4378056144,
        "link7": 1571846.4378056144,
        "link8": 1571846.4378056144,
        "link9": 1571846.4378056144
    },
    "total_energy_hosts": 6548508.918020122,
    "total_link_energy": 14146617.94025053,
    "transfer_duration": 12498.669839864282
}