{
    "hosts": {
        "destination": 6593.689391031696,
        "jgoldverg@gmail.com_ccuc": 10014.400661134423,
        "router1": 36631.607727854825,
        "router2": 36631.607727854825,
        "router3": 36631.607727854825,
        "router4": 36631.607727854825,
        "router5": 36631.607727854825,
        "router6": 36631.607727854825,
        "router7": 36631.607727854825,
        "router8": 36631.607727854825
    },
    "links": {
        "__loopback__": 0.0,
        "link1": 91838.65858991783,
        "link2": 91838.65858991783,
        "link3": 91838.65858991783,
        "link4": 91838.65858991783,
        "link5": 91838.65858991783,
        "link6": 91838.65858991783,
        "link7": 91838.65858991783,
        "link8": 91838.65858991783,
        "link9": 91838.65858991783
    },
    "total_energy_hosts": 309660.95187500474,
    "total_link_energy": 826547.9273092605,
    "transfer_duration": 732.6321545570966
}