{
    "hosts": {
        "jgoldverg@gmail.com-ccuc": 25013.08282342777,
        "jgoldverg@gmail.com-macmini": 13153.23557034738,
        "router1": 131532.3557033665,
        "router10": 131532.3557033665,
        "router11": 131532.3557033665,
        "router2": 131532.3557033665,
        "router3": 131532.3557033665,
        "router4": 131532.3557033665,
        "router5": 131532.3557033665,
        "router6": 131532.3557033665,
        "router7": 131532.3557033665,
        "router8": 131532.3557033665,
        "router9": 131532.3557033665
    },
    "links": {
        "__loopback__": 0.0,
        "link1": 223441.4973177419,
        "link10": 223441.4973177419,
        "link11": 223441.4973177419,
        "link12": 340349.0510489413,
        "link2": 223441.4973177419,
        "link3": 223441.4973177419,
        "link4": 223441.4973177419,
        "link5": 223441.4973177419,
        "link6": 223441.4973177419,
        "link7": 223441.4973177419,
        "link8": 223441.4973177419,
        "link9": 223441.4973177419
    },
    "total_energy_hosts": 1485022.2311308065,
    "total_link_energy": 2798205.5215441026,
    "transfer_duration": 2630.64711406733
}