{
    "hosts": {
        "destination": 90.08254935848636,
        "jgoldverg@gmail.com_ccuc": 90.08567274482526,
        "router1": 500.4586074480904,
        "router2": 500.4586074480904,
        "router3": 500.4586074480904,
        "router4": 500.4586074480904,
        "router5": 500.4586074480904,
        "router6": 500.4586074480904,
        "router7": 500.4586074480904,
        "router8": 500.4586074480904
    },
    "links": {
        "__loopback__": 0.0,
        "link1": 801.1897281845584,
        "link2": 801.1897281845584,
        "link3": 801.1897281845584,
        "link4": 801.1897281845584,
        "link5": 801.1897281845584,
        "link6": 801.1897281845584,
        "link7": 801.1897281845584,
        "link8": 801.1897281845584,
        "link9": 801.1897281845584
    },
    "total_energy_hosts": 4183.837081688035,
    "total_link_energy": 7210.707553661026,
    "transfer_duration": 10.009172148961808
}