{
    "hosts": {
        "destination": 601.3526144210495,
        "jgoldverg@gmail.com_tacc": 601.4078921922056,
        "router1": 501.12717867179236,
        "router2": 501.12717867179236,
        "router3": 501.12717867179236,
        "router4": 501.12717867179236,
        "router5": 501.12717867179236,
        "router6": 501.12717867179236,
        "router7": 501.12717867179236,
        "router8": 501.12717867179236
    },
    "links": {
        "__loopback__": 0.0,
        "link1": 802.8717015589764,
        "link2": 802.8717015589764,
        "link3": 802.8717015589764,
        "link4": 802.8717015589764,
        "link5": 802.8717015589764,
        "link6": 802.8717015589764,
        "link7": 802.8717015589764,
        "link8": 802.8717015589764,
        "link9": 802.8717015589764
    },
    "total_energy_hosts": 5211.777935987595,
    "total_link_energy": 7225.845314030787,
    "transfer_duration": 10.022543573435847
}