{
    "hosts": {
        "destination": 122557.8670037294,
        "jgoldverg@gmail.com_ccuc": 186972.3647593888,
        "router1": 680877.038909509,
        "router2": 680877.038909509,
        "router3": 680877.038909509,
        "router4": 680877.038909509,
        "router5": 680877.038909509,
        "router6": 680877.038909509,
        "router7": 680877.038909509,
        "router8": 680877.038909509
    },
    "links": {
        "__loopback__": 0.0,
        "link1": 1715104.8654039213,
        "link2": 1715104.8654039213,
        "link3": 1715104.8654039213,
        "link4": 1715104.8654039213,
        "link5": 1715104.8654039213,
        "link6": 1715104.8654039213,
        "link7": 1715104.8654039213,
        "link8": 1715104.8654039213,
        "link9": 1715104.8654039213
    },
    "total_energy_hosts": 5756546.54303919,
    "total_link_energy": 15435943.788635287,
    "transfer_duration": 13617.54077819018
}