{
    "hosts": {
        "destination": 112037.68389499589,
        "jgoldverg@gmail.com_ccuc": 170918.8711444909,
        "router1": 622431.5771943228,
        "router2": 622431.5771943228,
        "router3": 622431.5771943228,
        "router4": 622431.5771943228,
        "router5": 622431.5771943228,
        "router6": 622431.5771943228,
        "router7": 622431.5771943228,
        "router8": 622431.5771943228
    },
    "links": {
        "__loopback__": 0.0,
        "link1": 1567843.3741273885,
        "link2": 1567843.3741273885,
        "link3": 1567843.3741273885,
        "link4": 1567843.3741273885,
        "link5": 1567843.3741273885,
        "link6": 1567843.3741273885,
        "link7": 1567843.3741273885,
        "link8": 1567843.3741273885,
        "link9": 1567843.3741273885
    },
    "total_energy_hosts": 5262409.1725940695,
    "total_link_energy": 14110590.367146494,
    "transfer_duration": 12448.631543886457
}