{
    "hosts": {
        "destination": 24.84590643252138,
        "jgoldverg@gmail.com_system76": 2369.6869012361853,
        "router1": 1242.2952920398807,
        "router2": 1242.2952920398807,
        "router3": 1242.2952920398807,
        "router4": 1242.2952920398807,
        "router5": 1242.2952920398807,
        "router6": 1242.2952920398807,
        "router7": 1242.2952920398807,
        "router8": 1242.2952920398807
    },
    "links": {
        "__loopback__": 0.0,
        "link1": 2674.428306244825,
        "link2": 2674.428306244825,
        "link3": 2674.428306244825,
        "link4": 2674.428306244825,
        "link5": 2674.428306244825,
        "link6": 2674.428306244825,
        "link7": 2674.428306244825,
        "link8": 2674.428306244825,
        "link9": 2674.428306244825
    },
    "total_energy_hosts": 12332.89514398775,
    "total_link_energy": 24069.854756203422,
    "transfer_duration": 24.845905840797613
}