{
    "hosts": {
        "destination": 10.235765532094938,
        "jgoldverg@gmail.com_system76": 46.14983797219591,
        "router1": 511.78824701855837,
        "router2": 511.78824701855837,
        "router3": 511.78824701855837,
        "router4": 511.78824701855837,
        "router5": 511.78824701855837,
        "router6": 511.78824701855837,
        "router7": 511.78824701855837,
        "router8": 511.78824701855837
    },
    "links": {
        "__loopback__": 0.0,
        "link1": 829.7987884045236,
        "link2": 829.7987884045236,
        "link3": 829.7987884045236,
        "link4": 829.7987884045236,
        "link5": 829.7987884045236,
        "link6": 829.7987884045236,
        "link7": 829.7987884045236,
        "link8": 829.7987884045236,
        "link9": 829.7987884045236
    },
    "total_energy_hosts": 4150.691579652757,
    "total_link_energy": 7468.1890956407115,
    "transfer_duration": 10.235764940371167
}