{
    "hosts": {
        "jgoldverg@gmail.com-macmini": 2234.8540676314738,
        "jgoldverg@gmail.com-tacc": 27004.482422891164,
        "router1": 22348.540676207478,
        "router10": 22348.540676207478,
        "router2": 22348.540676207478,
        "router3": 22348.540676207478,
        "router4": 22348.540676207478,
        "router5": 22348.540676207478,
        "router6": 22348.540676207478,
        "router7": 22348.540676207478,
        "router8": 22348.540676207478,
        "router9": 22348.540676207478
    },
    "links": {
        "__loopback__": 0.0,
        "link1": 37922.65423099729,
        "link10": 37922.65423099729,
        "link11": 57407.55657258521,
        "link2": 37922.65423099729,
        "link3": 37922.65423099729,
        "link4": 37922.65423099729,
        "link5": 37922.65423099729,
        "link6": 37922.65423099729,
        "link7": 37922.65423099729,
        "link8": 37922.65423099729,
        "link9": 37922.65423099729
    },
    "total_energy_hosts": 252724.7432525975,
    "total_link_energy": 436634.0988825582,
    "transfer_duration": 446.97081352414955
}