{
    "hosts": {
        "destination": 567863.944135075,
        "jgoldverg@gmail.com_tacc": 605110.6664234987,
        "router1": 473219.9534458834,
        "router2": 473219.9534458834,
        "router3": 473219.9534458834,
        "router4": 473219.9534458834,
        "router5": 473219.9534458834,
        "router6": 473219.9534458834,
        "router7": 473219.9534458834,
        "router8": 473219.9534458834
    },
    "links": {
        "__loopback__": 0.0,
        "link1": 1190142.041851613,
        "link2": 1190142.041851613,
        "link3": 1190142.041851613,
        "link4": 1190142.041851613,
        "link5": 1190142.041851613,
        "link6": 1190142.041851613,
        "link7": 1190142.041851613,
        "link8": 1190142.041851613,
        "link9": 1190142.041851613
    },
    "total_energy_hosts": 4958734.238125641,
    "total_link_energy": 10711278.376664517,
    "transfer_duration": 9464.399068917668
}