{
    "hosts": {
        "destination": 600.5107442620028,
        "jgoldverg@gmail.com_tacc": 600.510744533904,
        "router1": 500.4256202059202,
        "router2": 500.4256202059202,
        "router3": 500.4256202059202,
        "router4": 500.4256202059202,
        "router5": 500.4256202059202,
        "router6": 500.4256202059202,
        "router7": 500.4256202059202,
        "router8": 500.4256202059202
    },
    "links": {
        "__loopback__": 0.0,
        "link1": 801.106612213581,
        "link2": 801.106612213581,
        "link3": 801.106612213581,
        "link4": 801.106612213581,
        "link5": 801.106612213581,
        "link6": 801.106612213581,
        "link7": 801.106612213581,
        "link8": 801.106612213581,
        "link9": 801.106612213581
    },
    "total_energy_hosts": 5204.426450443269,
    "total_link_energy": 7209.959509922228,
    "transfer_duration": 10.008512404118404
}