{
    "hosts": {
        "destination": 90.26586303531974,
        "jgoldverg@gmail.com_ccuc": 90.36540408696568,
        "router1": 501.47701676383133,
        "router2": 501.47701676383133,
        "router3": 501.47701676383133,
        "router4": 501.47701676383133,
        "router5": 501.47701676383133,
        "router6": 501.47701676383133,
        "router7": 501.47701676383133,
        "router8": 501.47701676383133
    },
    "links": {
        "__loopback__": 0.0,
        "link1": 803.7557524773728,
        "link2": 803.7557524773728,
        "link3": 803.7557524773728,
        "link4": 803.7557524773728,
        "link5": 803.7557524773728,
        "link6": 803.7557524773728,
        "link7": 803.7557524773728,
        "link8": 803.7557524773728,
        "link9": 803.7557524773728
    },
    "total_energy_hosts": 4192.447401232936,
    "total_link_energy": 7233.801772296355,
    "transfer_duration": 10.029540335276627
}