{
    "hosts": {
        "jgoldverg@gmail.com-ccuc": 4243.903343299359,
        "jgoldverg@gmail.com-macmini": 2233.9038206565006,
        "router1": 22339.038206457742,
        "router10": 22339.038206457742,
        "router11": 22339.038206457742,
        "router2": 22339.038206457742,
        "router3": 22339.038206457742,
        "router4": 22339.038206457742,
        "router5": 22339.038206457742,
        "router6": 22339.038206457742,
        "router7": 22339.038206457742,
        "router8": 22339.038206457742,
        "router9": 22339.038206457742
    },
    "links": {
        "__loopback__": 0.0,
        "link1": 37907.44705464665,
        "link10": 37907.44705464665,
        "link11": 37907.44705464665,
        "link12": 57392.32037347496,
        "link2": 37907.44705464665,
        "link3": 37907.44705464665,
        "link4": 37907.44705464665,
        "link5": 37907.44705464665,
        "link6": 37907.44705464665,
        "link7": 37907.44705464665,
        "link8": 37907.44705464665,
        "link9": 37907.44705464665
    },
    "total_energy_hosts": 252207.22743499104,
    "total_link_energy": 474374.2379745882,
    "transfer_duration": 446.7807641291549
}