{
    "hosts": {
        "destination": 600.7063049270853,
        "jgoldverg@gmail.com_tacc": 600.7191457830149,
        "router1": 500.58858742682213,
        "router2": 500.58858742682213,
        "router3": 500.58858742682213,
        "router4": 500.58858742682213,
        "router5": 500.58858742682213,
        "router6": 500.58858742682213,
        "router7": 500.58858742682213,
        "router8": 500.58858742682213
    },
    "links": {
        "__loopback__": 0.0,
        "link1": 801.5166303649622,
        "link2": 801.5166303649622,
        "link3": 801.5166303649622,
        "link4": 801.5166303649622,
        "link5": 801.5166303649622,
        "link6": 801.5166303649622,
        "link7": 801.5166303649622,
        "link8": 801.5166303649622,
        "link9": 801.5166303649622
    },
    "total_energy_hosts": 5206.134150124677,
    "total_link_energy": 7213.64967328466,
    "transfer_duration": 10.011771748536443
}