{
    "hosts": {
        "destination": 90.07661112669298,
        "jgoldverg@gmail.com_ccuc": 90.07661117572584,
        "router1": 500.4256172714605,
        "router2": 500.4256172714605,
        "router3": 500.4256172714605,
        "router4": 500.4256172714605,
        "router5": 500.4256172714605,
        "router6": 500.4256172714605,
        "router7": 500.4256172714605,
        "router8": 500.4256172714605
    },
    "links": {
        "__loopback__": 0.0,
        "link1": 801.1066048339094,
        "link2": 801.1066048339094,
        "link3": 801.1066048339094,
        "link4": 801.1066048339094,
        "link5": 801.1066048339094,
        "link6": 801.1066048339094,
        "link7": 801.1066048339094,
        "link8": 801.1066048339094,
        "link9": 801.1066048339094
    },
    "total_energy_hosts": 4183.558160474103,
    "total_link_energy": 7209.959443505184,
    "transfer_duration": 10.00851234542921
}