{
    "hosts": {
        "destination": 600.5107776170928,
        "jgoldverg@gmail.com_tacc": 600.5107800791011,
        "router1": 500.42564800182845,
        "router2": 500.42564800182845,
        "router3": 500.42564800182845,
        "router4": 500.42564800182845,
        "router5": 500.42564800182845,
        "router6": 500.42564800182845,
        "router7": 500.42564800182845,
        "router8": 500.42564800182845
    },
    "links": {
        "__loopback__": 0.0,
        "link1": 801.1066821468279,
        "link2": 801.1066821468279,
        "link3": 801.1066821468279,
        "link4": 801.1066821468279,
        "link5": 801.1066821468279,
        "link6": 801.1066821468279,
        "link7": 801.1066821468279,
        "link8": 801.1066821468279,
        "link9": 801.1066821468279
    },
    "total_energy_hosts": 5204.426741710821,
    "total_link_energy": 7209.96013932145,
    "transfer_duration": 10.008512960036569
}