{
    "hosts": {
        "destination": 600.5107423333072,
        "jgoldverg@gmail.com_tacc": 600.5107424785695,
        "router1": 500.4256185986738,
        "router2": 500.4256185986738,
        "router3": 500.4256185986738,
        "router4": 500.4256185986738,
        "router5": 500.4256185986738,
        "router6": 500.4256185986738,
        "router7": 500.4256185986738,
        "router8": 500.4256185986738
    },
    "links": {
        "__loopback__": 0.0,
        "link1": 801.1066081698217,
        "link2": 801.1066081698217,
        "link3": 801.1066081698217,
        "link4": 801.1066081698217,
        "link5": 801.1066081698217,
        "link6": 801.1066081698217,
        "link7": 801.1066081698217,
        "link8": 801.1066081698217,
        "link9": 801.1066081698217
    },
    "total_energy_hosts": 5204.4264336012675,
    "total_link_energy": 7209.959473528395,
    "transfer_duration": 10.008512371973476
}