{
    "hosts": {
        "destination": 600.5107401777062,
        "jgoldverg@gmail.com_tacc": 600.510740181431,
        "router1": 500.4256168023397,
        "router2": 500.4256168023397,
        "router3": 500.4256168023397,
        "router4": 500.4256168023397,
        "router5": 500.4256168023397,
        "router6": 500.4256168023397,
        "router7": 500.4256168023397,
        "router8": 500.4256168023397
    },
    "links": {
        "__loopback__": 0.0,
        "link1": 801.1066036503263,
        "link2": 801.1066036503263,
        "link3": 801.1066036503263,
        "link4": 801.1066036503263,
        "link5": 801.1066036503263,
        "link6": 801.1066036503263,
        "link7": 801.1066036503263,
        "link8": 801.1066036503263,
        "link9": 801.1066036503263
    },
    "total_energy_hosts": 5204.426414777854,
    "total_link_energy": 7209.9594328529365,
    "transfer_duration": 10.008512336046794
}