{
    "hosts": {
        "destination": 92.13410840587161,
        "jgoldverg@gmail.com_ccuc": 93.21629221478912,
        "router1": 511.8561577113418,
        "router2": 511.8561577113418,
        "router3": 511.8561577113418,
        "router4": 511.8561577113418,
        "router5": 511.8561577113418,
        "router6": 511.8561577113418,
        "router7": 511.8561577113418,
        "router8": 511.8561577113418
    },
    "links": {
        "__loopback__": 0.0,
        "link1": 829.9074455129771,
        "link2": 829.9074455129771,
        "link3": 829.9074455129771,
        "link4": 829.9074455129771,
        "link5": 829.9074455129771,
        "link6": 829.9074455129771,
        "link7": 829.9074455129771,
        "link8": 829.9074455129771,
        "link9": 829.9074455129771
    },
    "total_energy_hosts": 4280.1996623113955,
    "total_link_energy": 7469.167009616796,
    "transfer_duration": 10.237123154226836
}