{
    "hosts": {
        "destination": 90.10582821901392,
        "jgoldverg@gmail.com_ccuc": 90.12119560930188,
        "router1": 500.5879344510213,
        "router2": 500.5879344510213,
        "router3": 500.5879344510213,
        "router4": 500.5879344510213,
        "router5": 500.5879344510213,
        "router6": 500.5879344510213,
        "router7": 500.5879344510213,
        "router8": 500.5879344510213
    },
    "links": {
        "__loopback__": 0.0,
        "link1": 801.5155856036807,
        "link2": 801.5155856036807,
        "link3": 801.5155856036807,
        "link4": 801.5155856036807,
        "link5": 801.5155856036807,
        "link6": 801.5155856036807,
        "link7": 801.5155856036807,
        "link8": 801.5155856036807,
        "link9": 801.5155856036807
    },
    "total_energy_hosts": 4184.930499436487,
    "total_link_energy": 7213.640270433127,
    "transfer_duration": 10.011758689020425
}