{
    "hosts": {
        "destination": 90.07661123686611,
        "jgoldverg@gmail.com_ccuc": 90.07661134384676,
        "router1": 500.4256178835335,
        "router2": 500.4256178835335,
        "router3": 500.4256178835335,
        "router4": 500.4256178835335,
        "router5": 500.4256178835335,
        "router6": 500.4256178835335,
        "router7": 500.4256178835335,
        "router8": 500.4256178835335
    },
    "links": {
        "__loopback__": 0.0,
        "link1": 801.1066063761126,
        "link2": 801.1066063761126,
        "link3": 801.1066063761126,
        "link4": 801.1066063761126,
        "link5": 801.1066063761126,
        "link6": 801.1066063761126,
        "link7": 801.1066063761126,
        "link8": 801.1066063761126,
        "link9": 801.1066063761126
    },
    "total_energy_hosts": 4183.558165648981,
    "total_link_energy": 7209.959457385014,
    "transfer_duration": 10.00851235767067
}