{
    "hosts": {
        "destination": 90.07661113516785,
        "jgoldverg@gmail.com_ccuc": 90.07661118865833,
        "router1": 500.4256173185431,
        "router2": 500.4256173185431,
        "router3": 500.4256173185431,
        "router4": 500.4256173185431,
        "router5": 500.4256173185431,
        "router6": 500.4256173185431,
        "router7": 500.4256173185431,
        "router8": 500.4256173185431
    },
    "links": {
        "__loopback__": 0.0,
        "link1": 801.1066049525405,
        "link2": 801.1066049525405,
        "link3": 801.1066049525405,
        "link4": 801.1066049525405,
        "link5": 801.1066049525405,
        "link6": 801.1066049525405,
        "link7": 801.1066049525405,
        "link8": 801.1066049525405,
        "link9": 801.1066049525405
    },
    "total_energy_hosts": 4183.558160872171,
    "total_link_energy": 7209.959444572865,
    "transfer_duration": 10.008512346370862
}