{
    "hosts": {
        "destination": 600.7988050581358,
        "jgoldverg@gmail.com_tacc": 600.8177195061395,
        "router1": 500.6656708693643,
        "router2": 500.6656708693643,
        "router3": 500.6656708693643,
        "router4": 500.6656708693643,
        "router5": 500.6656708693643,
        "router6": 500.6656708693643,
        "router7": 500.6656708693643,
        "router8": 500.6656708693643
    },
    "links": {
        "__loopback__": 0.0,
        "link1": 801.7105688173596,
        "link2": 801.7105688173596,
        "link3": 801.7105688173596,
        "link4": 801.7105688173596,
        "link5": 801.7105688173596,
        "link6": 801.7105688173596,
        "link7": 801.7105688173596,
        "link8": 801.7105688173596,
        "link9": 801.7105688173596
    },
    "total_energy_hosts": 5206.941891519191,
    "total_link_energy": 7215.395119356236,
    "transfer_duration": 10.013313417387286
}