{
    "hosts": {
        "destination": 97.4963925817408,
        "jgoldverg@gmail.com_ccuc": 101.39898199203444,
        "router1": 541.6466253550595,
        "router2": 541.6466253550595,
        "router3": 541.6466253550595,
        "router4": 541.6466253550595,
        "router5": 541.6466253550595,
        "router6": 541.6466253550595,
        "router7": 541.6466253550595,
        "router8": 541.6466253550595
    },
    "links": {
        "__loopback__": 0.0,
        "link1": 904.9686831573584,
        "link2": 904.9686831573584,
        "link3": 904.9686831573584,
        "link4": 904.9686831573584,
        "link5": 904.9686831573584,
        "link6": 904.9686831573584,
        "link7": 904.9686831573584,
        "link8": 904.9686831573584,
        "link9": 904.9686831573584
    },
    "total_energy_hosts": 4532.068377414253,
    "total_link_energy": 8144.718148416225,
    "transfer_duration": 10.83293250710119
}