{
    "hosts": {
        "destination": 10.008512956703871,
        "jgoldverg@gmail.com_system76": 10.00851769047903,
        "router1": 500.425618249005,
        "router2": 500.425618249005,
        "router3": 500.425618249005,
        "router4": 500.425618249005,
        "router5": 500.425618249005,
        "router6": 500.425618249005,
        "router7": 500.425618249005,
        "router8": 500.425618249005
    },
    "links": {
        "__loopback__": 0.0,
        "link1": 801.106607307259,
        "link2": 801.106607307259,
        "link3": 801.106607307259,
        "link4": 801.106607307259,
        "link5": 801.106607307259,
        "link6": 801.106607307259,
        "link7": 801.106607307259,
        "link8": 801.106607307259,
        "link9": 801.106607307259
    },
    "total_energy_hosts": 4023.4219766392225,
    "total_link_energy": 7209.959465765331,
    "transfer_duration": 10.0085123649801
}