{
    "hosts": {
        "destination": 10.013266362830139,
        "jgoldverg@gmail.com_system76": 10.764479962599378,
        "router1": 500.66328855531845,
        "router2": 500.66328855531845,
        "router3": 500.66328855531845,
        "router4": 500.66328855531845,
        "router5": 500.66328855531845,
        "router6": 500.66328855531845,
        "router7": 500.66328855531845,
        "router8": 500.66328855531845
    },
    "links": {
        "__loopback__": 0.0,
        "link1": 801.7067571148862,
        "link2": 801.7067571148862,
        "link3": 801.7067571148862,
        "link4": 801.7067571148862,
        "link5": 801.7067571148862,
        "link6": 801.7067571148862,
        "link7": 801.7067571148862,
        "link8": 801.7067571148862,
        "link9": 801.7067571148862
    },
    "total_energy_hosts": 4026.0840547679777,
    "total_link_energy": 7215.360814033977,
    "transfer_duration": 10.013265771106369
}