{
    "hosts": {
        "destination": 1499.677733385682,
        "jgoldverg@gmail.com_tacc": 1558.7173635071063,
        "router1": 1249.7314444756526,
        "router2": 1249.7314444756526,
        "router3": 1249.7314444756526,
        "router4": 1249.7314444756526,
        "router5": 1249.7314444756526,
        "router6": 1249.7314444756526,
        "router7": 1249.7314444756526,
        "router8": 1249.7314444756526
    },
    "links": {
        "__loopback__": 0.0,
        "link1": 2686.32615014206,
        "link2": 2686.32615014206,
        "link3": 2686.32615014206,
        "link4": 2686.32615014206,
        "link5": 2686.32615014206,
        "link6": 2686.32615014206,
        "link7": 2686.32615014206,
        "link8": 2686.32615014206,
        "link9": 2686.32615014206
    },
    "total_energy_hosts": 13056.246652698006,
    "total_link_energy": 24176.935351278542,
    "transfer_duration": 24.994628889513052
}