{
    "hosts": {
        "jgoldverg@gmail.com-macmini": 43746.30813871105,
        "jgoldverg@gmail.com-tacc": 528680.3698932475,
        "router1": 437463.08138700307,
        "router10": 437463.08138700307,
        "router2": 437463.08138700307,
        "router3": 437463.08138700307,
        "router4": 437463.08138700307,
        "router5": 437463.08138700307,
        "router6": 437463.08138700307,
        "router7": 437463.08138700307,
        "router8": 437463.08138700307,
        "router9": 437463.08138700307
    },
    "links": {
        "__loopback__": 0.0,
        "link1": 743239.939986827,
        "link10": 743239.939986827,
        "link11": 1132931.0278954252,
        "link2": 743239.939986827,
        "link3": 743239.939986827,
        "link4": 743239.939986827,
        "link5": 743239.939986827,
        "link6": 743239.939986827,
        "link7": 743239.939986827,
        "link8": 743239.939986827,
        "link9": 743239.939986827
    },
    "total_energy_hosts": 4947057.491901988,
    "total_link_energy": 8565330.427763695,
    "transfer_duration": 8749.261627740061
}