{
    "hosts": {
        "destination": 10.562047162308826,
        "jgoldverg@gmail.com_system76": 98.0403341714532,
        "router1": 528.1023285292528,
        "router2": 528.1023285292528,
        "router3": 528.1023285292528,
        "router4": 528.1023285292528,
        "router5": 528.1023285292528,
        "router6": 528.1023285292528,
        "router7": 528.1023285292528,
        "router8": 528.1023285292528
    },
    "links": {
        "__loopback__": 0.0,
        "link1": 870.994060258748,
        "link2": 870.994060258748,
        "link3": 870.994060258748,
        "link4": 870.994060258748,
        "link5": 870.994060258748,
        "link6": 870.994060258748,
        "link7": 870.994060258748,
        "link8": 870.994060258748,
        "link9": 870.994060258748
    },
    "total_energy_hosts": 4333.421009567784,
    "total_link_energy": 7838.946542328735,
    "transfer_duration": 10.562046570585055
}