{
    "hosts": {
        "destination": 88.33179644303985,
        "jgoldverg@gmail.com_system76": 12466.223234396042,
        "router1": 4416.589792565804,
        "router2": 4416.589792565804,
        "router3": 4416.589792565804,
        "router4": 4416.589792565804,
        "router5": 4416.589792565804,
        "router6": 4416.589792565804,
        "router7": 4416.589792565804,
        "router8": 4416.589792565804
    },
    "links": {
        "__loopback__": 0.0,
        "link1": 10689.953103568778,
        "link2": 10689.953103568778,
        "link3": 10689.953103568778,
        "link4": 10689.953103568778,
        "link5": 10689.953103568778,
        "link6": 10689.953103568778,
        "link7": 10689.953103568778,
        "link8": 10689.953103568778,
        "link9": 10689.953103568778
    },
    "total_energy_hosts": 47887.27337136552,
    "total_link_energy": 96209.577932119,
    "transfer_duration": 88.33179585131607
}