{
    "hosts": {
        "destination": 9660.221212516677,
        "jgoldverg@gmail.com_system76": 9660.221212516677,
        "router1": 2898.0663637550033,
        "router2": 2898.0663637550033,
        "router3": 2898.0663637550033,
        "router4": 2898.0663637550033,
        "router5": 2898.0663637550033,
        "router6": 2898.0663637550033,
        "router7": 2898.0663637550033,
        "router8": 2898.0663637550033
    },
    "links": {
        "__loopback__": 0.0,
        "link1": 12058.287576271681,
        "link2": 12058.287576271681,
        "link3": 12058.287576271681,
        "link4": 12058.287576271681,
        "link5": 12058.287576271681,
        "link6": 12058.287576271681,
        "link7": 12058.287576271681,
        "link8": 12058.287576271681,
        "link9": 12058.287576271681
    },
    "total_energy_hosts": 42504.97333507337,
    "total_link_energy": 108524.58818644515,
    "transfer_duration": 96.60221212516677
}