{
    "hosts": {
        "destination": 600.5237971070579,
        "jgoldverg@gmail.com_tacc": 600.5246544334882,
        "router1": 500.4364975767994,
        "router2": 500.4364975767994,
        "router3": 500.4364975767994,
        "router4": 500.4364975767994,
        "router5": 500.4364975767994,
        "router6": 500.4364975767994,
        "router7": 500.4364975767994,
        "router8": 500.4364975767994
    },
    "links": {
        "__loopback__": 0.0,
        "link1": 801.1339791863691,
        "link2": 801.1339791863691,
        "link3": 801.1339791863691,
        "link4": 801.1339791863691,
        "link5": 801.1339791863691,
        "link6": 801.1339791863691,
        "link7": 801.1339791863691,
        "link8": 801.1339791863691,
        "link9": 801.1339791863691
    },
    "total_energy_hosts": 5204.540432154941,
    "total_link_energy": 7210.205812677323,
    "transfer_duration": 10.008729951535988
}