{
    "hosts": {
        "destination": 10.008728383547181,
        "jgoldverg@gmail.com_system76": 10.042778294692766,
        "router1": 500.43638959117055,
        "router2": 500.43638959117055,
        "router3": 500.43638959117055,
        "router4": 500.43638959117055,
        "router5": 500.43638959117055,
        "router6": 500.43638959117055,
        "router7": 500.43638959117055,
        "router8": 500.43638959117055
    },
    "links": {
        "__loopback__": 0.0,
        "link1": 801.1338064093628,
        "link2": 801.1338064093628,
        "link3": 801.1338064093628,
        "link4": 801.1338064093628,
        "link5": 801.1338064093628,
        "link6": 801.1338064093628,
        "link7": 801.1338064093628,
        "link8": 801.1338064093628,
        "link9": 801.1338064093628
    },
    "total_energy_hosts": 4023.5426234076044,
    "total_link_energy": 7210.204257684264,
    "transfer_duration": 10.00872779182341
}