{
    "hosts": {
        "destination": 600.5831442074599,
        "jgoldverg@gmail.com_tacc": 600.5878982859759,
        "router1": 500.485953493801,
        "router2": 500.485953493801,
        "router3": 500.485953493801,
        "router4": 500.485953493801,
        "router5": 500.485953493801,
        "router6": 500.485953493801,
        "router7": 500.485953493801,
        "router8": 500.485953493801
    },
    "links": {
        "__loopback__": 0.0,
        "link1": 801.258408035015,
        "link2": 801.258408035015,
        "link3": 801.258408035015,
        "link4": 801.258408035015,
        "link5": 801.258408035015,
        "link6": 801.258408035015,
        "link7": 801.258408035015,
        "link8": 801.258408035015,
        "link9": 801.258408035015
    },
    "total_energy_hosts": 5205.058670443845,
    "total_link_energy": 7211.325672315136,
    "transfer_duration": 10.00971906987602
}