{
    "hosts": {
        "destination": 92.05049342443762,
        "jgoldverg@gmail.com_ccuc": 93.08869818370735,
        "router1": 511.3916300367085,
        "router2": 511.3916300367085,
        "router3": 511.3916300367085,
        "router4": 511.3916300367085,
        "router5": 511.3916300367085,
        "router6": 511.3916300367085,
        "router7": 511.3916300367085,
        "router8": 511.3916300367085
    },
    "links": {
        "__loopback__": 0.0,
        "link1": 828.7370032562442,
        "link2": 828.7370032562442,
        "link3": 828.7370032562442,
        "link4": 828.7370032562442,
        "link5": 828.7370032562442,
        "link6": 828.7370032562442,
        "link7": 828.7370032562442,
        "link8": 828.7370032562442,
        "link9": 828.7370032562442
    },
    "total_energy_hosts": 4276.272231901813,
    "total_link_energy": 7458.6330293061965,
    "transfer_duration": 10.22783260073417
}