{
    "hosts": {
        "jgoldverg@gmail.com-macmini": 923.966044334226,
        "jgoldverg@gmail.com-tacc": 11162.085976458864,
        "router1": 9239.660443234989,
        "router10": 9239.660443234989,
        "router2": 9239.660443234989,
        "router3": 9239.660443234989,
        "router4": 9239.660443234989,
        "router5": 9239.660443234989,
        "router6": 9239.660443234989,
        "router7": 9239.660443234989,
        "router8": 9239.660443234989,
        "router9": 9239.660443234989
    },
    "links": {
        "__loopback__": 0.0,
        "link1": 15649.476786076359,
        "link10": 15649.476786076359,
        "link11": 23443.657478179743,
        "link2": 15649.476786076359,
        "link3": 15649.476786076359,
        "link4": 15649.476786076359,
        "link5": 15649.476786076359,
        "link6": 15649.476786076359,
        "link7": 15649.476786076359,
        "link8": 15649.476786076359,
        "link9": 15649.476786076359
    },
    "total_energy_hosts": 104482.65645314295,
    "total_link_energy": 179938.42533894329,
    "transfer_duration": 184.79320886469978
}