{
    "hosts": {
        "destination": 90.07661105041925,
        "jgoldverg@gmail.com_ccuc": 90.07661105933433,
        "router1": 500.4256168477175,
        "router2": 500.4256168477175,
        "router3": 500.4256168477175,
        "router4": 500.4256168477175,
        "router5": 500.4256168477175,
        "router6": 500.4256168477175,
        "router7": 500.4256168477175,
        "router8": 500.4256168477175
    },
    "links": {
        "__loopback__": 0.0,
        "link1": 801.1066037662297,
        "link2": 801.1066037662297,
        "link3": 801.1066037662297,
        "link4": 801.1066037662297,
        "link5": 801.1066037662297,
        "link6": 801.1066037662297,
        "link7": 801.1066037662297,
        "link8": 801.1066037662297,
        "link9": 801.1066037662297
    },
    "total_energy_hosts": 4183.558156891494,
    "total_link_energy": 7209.959433896066,
    "transfer_duration": 10.00851233695435
}