{
    "hosts": {
        "destination": 10.008513265602504,
        "jgoldverg@gmail.com_system76": 10.008566816453694,
        "router1": 500.4256336939367,
        "router2": 500.4256336939367,
        "router3": 500.4256336939367,
        "router4": 500.4256336939367,
        "router5": 500.4256336939367,
        "router6": 500.4256336939367,
        "router7": 500.4256336939367,
        "router8": 500.4256336939367
    },
    "links": {
        "__loopback__": 0.0,
        "link1": 801.1066463078093,
        "link2": 801.1066463078093,
        "link3": 801.1066463078093,
        "link4": 801.1066463078093,
        "link5": 801.1066463078093,
        "link6": 801.1066463078093,
        "link7": 801.1066463078093,
        "link8": 801.1066463078093,
        "link9": 801.1066463078093
    },
    "total_energy_hosts": 4023.422149633549,
    "total_link_energy": 7209.959816770285,
    "transfer_duration": 10.008512673878734
}