{
    "hosts": {
        "destination": 90.07661137246387,
        "jgoldverg@gmail.com_ccuc": 90.0766115507651,
        "router1": 500.4256186368543,
        "router2": 500.4256186368543,
        "router3": 500.4256186368543,
        "router4": 500.4256186368543,
        "router5": 500.4256186368543,
        "router6": 500.4256186368543,
        "router7": 500.4256186368543,
        "router8": 500.4256186368543
    },
    "links": {
        "__loopback__": 0.0,
        "link1": 801.1066082742094,
        "link2": 801.1066082742094,
        "link3": 801.1066082742094,
        "link4": 801.1066082742094,
        "link5": 801.1066082742094,
        "link6": 801.1066082742094,
        "link7": 801.1066082742094,
        "link8": 801.1066082742094,
        "link9": 801.1066082742094
    },
    "total_energy_hosts": 4183.5581720180635,
    "total_link_energy": 7209.959474467883,
    "transfer_duration": 10.008512372737087
}