{
    "hosts": {
        "destination": 10.008648526697934,
        "jgoldverg@gmail.com_system76": 10.030078187948291,
        "router1": 500.4323967487082,
        "router2": 500.4323967487082,
        "router3": 500.4323967487082,
        "router4": 500.4323967487082,
        "router5": 500.4323967487082,
        "router6": 500.4323967487082,
        "router7": 500.4323967487082,
        "router8": 500.4323967487082
    },
    "links": {
        "__loopback__": 0.0,
        "link1": 801.1237239397735,
        "link2": 801.1237239397735,
        "link3": 801.1237239397735,
        "link4": 801.1237239397735,
        "link5": 801.1237239397735,
        "link6": 801.1237239397735,
        "link7": 801.1237239397735,
        "link8": 801.1237239397735,
        "link9": 801.1237239397735
    },
    "total_energy_hosts": 4023.497900704311,
    "total_link_energy": 7210.113515457961,
    "transfer_duration": 10.008647934974164
}