{
    "hosts": {
        "destination": 600.5504882130315,
        "jgoldverg@gmail.com_tacc": 600.5530980871375,
        "router1": 500.45874016511067,
        "router2": 500.45874016511067,
        "router3": 500.45874016511067,
        "router4": 500.45874016511067,
        "router5": 500.45874016511067,
        "router6": 500.45874016511067,
        "router7": 500.45874016511067,
        "router8": 500.45874016511067
    },
    "links": {
        "__loopback__": 0.0,
        "link1": 801.189940531791,
        "link2": 801.189940531791,
        "link3": 801.189940531791,
        "link4": 801.189940531791,
        "link5": 801.189940531791,
        "link6": 801.189940531791,
        "link7": 801.189940531791,
        "link8": 801.189940531791,
        "link9": 801.189940531791
    },
    "total_energy_hosts": 5204.773507621054,
    "total_link_energy": 7210.709464786119,
    "transfer_duration": 10.009174803302214
}