{
    "hosts": {
        "destination": 90.07856173407099,
        "jgoldverg@gmail.com_ccuc": 90.0795877458828,
        "router1": 500.4364539791161,
        "router2": 500.4364539791161,
        "router3": 500.4364539791161,
        "router4": 500.4364539791161,
        "router5": 500.4364539791161,
        "router6": 500.4364539791161,
        "router7": 500.4364539791161,
        "router8": 500.4364539791161
    },
    "links": {
        "__loopback__": 0.0,
        "link1": 801.1339094300756,
        "link2": 801.1339094300756,
        "link3": 801.1339094300756,
        "link4": 801.1339094300756,
        "link5": 801.1339094300756,
        "link6": 801.1339094300756,
        "link7": 801.1339094300756,
        "link8": 801.1339094300756,
        "link9": 801.1339094300756
    },
    "total_energy_hosts": 4183.649781312882,
    "total_link_energy": 7210.205184870681,
    "transfer_duration": 10.008729079582322
}