{
    "hosts": {
        "destination": 10.94456938924241,
        "jgoldverg@gmail.com_system76": 158.87510488721676,
        "router1": 547.2284398759319,
        "router2": 547.2284398759319,
        "router3": 547.2284398759319,
        "router4": 547.2284398759319,
        "router5": 547.2284398759319,
        "router6": 547.2284398759319,
        "router7": 547.2284398759319,
        "router8": 547.2284398759319
    },
    "links": {
        "__loopback__": 0.0,
        "link1": 919.290089423744,
        "link2": 919.290089423744,
        "link3": 919.290089423744,
        "link4": 919.290089423744,
        "link5": 919.290089423744,
        "link6": 919.290089423744,
        "link7": 919.290089423744,
        "link8": 919.290089423744,
        "link9": 919.290089423744
    },
    "total_energy_hosts": 4547.647193283915,
    "total_link_energy": 8273.610804813696,
    "transfer_duration": 10.94456879751864
}