{
    "hosts": {
        "jgoldverg@gmail.com-cali": 94752.94665666121,
        "jgoldverg@gmail.com-macmini": 13189.733283316811,
        "router1": 131897.33283306082,
        "router2": 131897.33283306082,
        "router3": 131897.33283306082,
        "router4": 131897.33283306082,
        "router5": 131897.33283306082,
        "router6": 131897.33283306082,
        "router7": 131897.33283306082,
        "router8": 131897.33283306082
    },
    "links": {
        "__loopback__": 0.0,
        "link1": 340933.06536594225,
        "link2": 224025.46581620182,
        "link3": 224025.46581620182,
        "link4": 224025.46581620182,
        "link5": 224025.46581620182,
        "link6": 224025.46581620182,
        "link7": 224025.46581620182,
        "link8": 224025.46581620182,
        "link9": 340933.06536594225
    },
    "total_energy_hosts": 1163121.3426044644,
    "total_link_energy": 2250044.3914452977,
    "transfer_duration": 2637.9466566612164
}