{
    "hosts": {
        "jgoldverg@gmail.com-cali": 9484.30232676431,
        "jgoldverg@gmail.com-macmini": 1364.0116338322725,
        "router1": 13640.116338215463,
        "router2": 13640.116338215463,
        "router3": 13640.116338215463,
        "router4": 13640.116338215463,
        "router5": 13640.116338215463,
        "router6": 13640.116338215463,
        "router7": 13640.116338215463,
        "router8": 13640.116338215463
    },
    "links": {
        "__loopback__": 0.0,
        "link1": 34814.30247934431,
        "link2": 23123.1977749647,
        "link3": 23123.1977749647,
        "link4": 23123.1977749647,
        "link5": 23123.1977749647,
        "link6": 23123.1977749647,
        "link7": 23123.1977749647,
        "link8": 23123.1977749647,
        "link9": 34814.30247934431
    },
    "total_energy_hosts": 119969.24466632029,
    "total_link_energy": 231490.98938344154,
    "transfer_duration": 272.80232676430927
}