{
    "hosts": {
        "destination": 600.5189576692551,
        "jgoldverg@gmail.com_tacc": 600.5194972364483,
        "router1": 500.43246471196375,
        "router2": 500.43246471196375,
        "router3": 500.43246471196375,
        "router4": 500.43246471196375,
        "router5": 500.43246471196375,
        "router6": 500.43246471196375,
        "router7": 500.43246471196375,
        "router8": 500.43246471196375
    },
    "links": {
        "__loopback__": 0.0,
        "link1": 801.1238326809824,
        "link2": 801.1238326809824,
        "link3": 801.1238326809824,
        "link4": 801.1238326809824,
        "link5": 801.1238326809824,
        "link6": 801.1238326809824,
        "link7": 801.1238326809824,
        "link8": 801.1238326809824,
        "link9": 801.1238326809824
    },
    "total_energy_hosts": 5204.498172601414,
    "total_link_energy": 7210.114494128842,
    "transfer_duration": 10.008649294239275
}