{
    "hosts": {
        "destination": 97.95300547802793,
        "jgoldverg@gmail.com_system76": 13996.340975119036,
        "router1": 4897.650244315208,
        "router2": 4897.650244315208,
        "router3": 4897.650244315208,
        "router4": 4897.650244315208,
        "router5": 4897.650244315208,
        "router6": 4897.650244315208,
        "router7": 4897.650244315208,
        "router8": 4897.650244315208
    },
    "links": {
        "__loopback__": 0.0,
        "link1": 11904.696089567824,
        "link2": 11904.696089567824,
        "link3": 11904.696089567824,
        "link4": 11904.696089567824,
        "link5": 11904.696089567824,
        "link6": 11904.696089567824,
        "link7": 11904.696089567824,
        "link8": 11904.696089567824,
        "link9": 11904.696089567824
    },
    "total_energy_hosts": 53275.49593511871,
    "total_link_energy": 107142.2648061104,
    "transfer_duration": 97.95300488630416
}