{
    "hosts": {
        "destination": 10.008513009123034,
        "jgoldverg@gmail.com_system76": 10.008526027008475,
        "router1": 500.42562086996315,
        "router2": 500.42562086996315,
        "router3": 500.42562086996315,
        "router4": 500.42562086996315,
        "router5": 500.42562086996315,
        "router6": 500.42562086996315,
        "router7": 500.42562086996315,
        "router8": 500.42562086996315
    },
    "links": {
        "__loopback__": 0.0,
        "link1": 801.1066139255342,
        "link2": 801.1066139255342,
        "link3": 801.1066139255342,
        "link4": 801.1066139255342,
        "link5": 801.1066139255342,
        "link6": 801.1066139255342,
        "link7": 801.1066139255342,
        "link8": 801.1066139255342,
        "link9": 801.1066139255342
    },
    "total_energy_hosts": 4023.422005995836,
    "total_link_energy": 7209.959525329809,
    "transfer_duration": 10.008512417399263
}