{
    "hosts": {
        "destination": 10.008512931430348,
        "jgoldverg@gmail.com_system76": 10.008513671085058,
        "router1": 500.4256169853289,
        "router2": 500.4256169853289,
        "router3": 500.4256169853289,
        "router4": 500.4256169853289,
        "router5": 500.4256169853289,
        "router6": 500.4256169853289,
        "router7": 500.4256169853289,
        "router8": 500.4256169853289
    },
    "links": {
        "__loopback__": 0.0,
        "link1": 801.1066041163048,
        "link2": 801.1066041163048,
        "link3": 801.1066041163048,
        "link4": 801.1066041163048,
        "link5": 801.1066041163048,
        "link6": 801.1066041163048,
        "link7": 801.1066041163048,
        "link8": 801.1066041163048,
        "link9": 801.1066041163048
    },
    "total_energy_hosts": 4023.421962485146,
    "total_link_energy": 7209.959437046743,
    "transfer_duration": 10.008512339706577
}