{
    "hosts": {
        "destination": 10.008512964192324,
        "jgoldverg@gmail.com_system76": 10.008518881415023,
        "router1": 500.4256186234277,
        "router2": 500.4256186234277,
        "router3": 500.4256186234277,
        "router4": 500.4256186234277,
        "router5": 500.4256186234277,
        "router6": 500.4256186234277,
        "router7": 500.4256186234277,
        "router8": 500.4256186234277
    },
    "links": {
        "__loopback__": 0.0,
        "link1": 801.1066082527268,
        "link2": 801.1066082527268,
        "link3": 801.1066082527268,
        "link4": 801.1066082527268,
        "link5": 801.1066082527268,
        "link6": 801.1066082527268,
        "link7": 801.1066082527268,
        "link8": 801.1066082527268,
        "link9": 801.1066082527268
    },
    "total_energy_hosts": 4023.421980833029,
    "total_link_energy": 7209.959474274541,
    "transfer_duration": 10.008512372468553
}