{
    "hosts": {
        "destination": 90.07661213520116,
        "jgoldverg@gmail.com_ccuc": 90.07661271467997,
        "router1": 500.4256228742837,
        "router2": 500.4256228742837,
        "router3": 500.4256228742837,
        "router4": 500.4256228742837,
        "router5": 500.4256228742837,
        "router6": 500.4256228742837,
        "router7": 500.4256228742837,
        "router8": 500.4256228742837
    },
    "links": {
        "__loopback__": 0.0,
        "link1": 801.1066189510037,
        "link2": 801.1066189510037,
        "link3": 801.1066189510037,
        "link4": 801.1066189510037,
        "link5": 801.1066189510037,
        "link6": 801.1066189510037,
        "link7": 801.1066189510037,
        "link8": 801.1066189510037,
        "link9": 801.1066189510037
    },
    "total_energy_hosts": 4183.558207844151,
    "total_link_energy": 7209.959570559034,
    "transfer_duration": 10.008512457485674
}