{
    "hosts": {
        "destination": 90.2023862080525,
        "jgoldverg@gmail.com_ccuc": 90.26854029375062,
        "router1": 501.1243677234578,
        "router2": 501.1243677234578,
        "router3": 501.1243677234578,
        "router4": 501.1243677234578,
        "router5": 501.1243677234578,
        "router6": 501.1243677234578,
        "router7": 501.1243677234578,
        "router8": 501.1243677234578
    },
    "links": {
        "__loopback__": 0.0,
        "link1": 802.8672040416411,
        "link2": 802.8672040416411,
        "link3": 802.8672040416411,
        "link4": 802.8672040416411,
        "link5": 802.8672040416411,
        "link6": 802.8672040416411,
        "link7": 802.8672040416411,
        "link8": 802.8672040416411,
        "link9": 802.8672040416411
    },
    "total_energy_hosts": 4189.465868289466,
    "total_link_energy": 7225.804836374771,
    "transfer_duration": 10.022487354469156
}