{
    "hosts": {
        "destination": 6273.145073845883,
        "jgoldverg@gmail.com_tacc": 6645.6122967153715,
        "router1": 5227.620894859155,
        "router2": 5227.620894859155,
        "router3": 5227.620894859155,
        "router4": 5227.620894859155,
        "router5": 5227.620894859155,
        "router6": 5227.620894859155,
        "router7": 5227.620894859155,
        "router8": 5227.620894859155
    },
    "links": {
        "__loopback__": 0.0,
        "link1": 12694.515955541232,
        "link2": 12694.515955541232,
        "link3": 12694.515955541232,
        "link4": 12694.515955541232,
        "link5": 12694.515955541232,
        "link6": 12694.515955541232,
        "link7": 12694.515955541232,
        "link8": 12694.515955541232,
        "link9": 12694.515955541232
    },
    "total_energy_hosts": 54739.72452943448,
    "total_link_energy": 114250.64359987108,
    "transfer_duration": 104.55241789718309
}