{
    "hosts": {
        "destination": 10.0091688205799,
        "jgoldverg@gmail.com_system76": 10.112823599285786,
        "router1": 500.4584114428065,
        "router2": 500.4584114428065,
        "router3": 500.4584114428065,
        "router4": 500.4584114428065,
        "router5": 500.4584114428065,
        "router6": 500.4584114428065,
        "router7": 500.4584114428065,
        "router8": 500.4584114428065
    },
    "links": {
        "__loopback__": 0.0,
        "link1": 801.1894145761041,
        "link2": 801.1894145761041,
        "link3": 801.1894145761041,
        "link4": 801.1894145761041,
        "link5": 801.1894145761041,
        "link6": 801.1894145761041,
        "link7": 801.1894145761041,
        "link8": 801.1894145761041,
        "link9": 801.1894145761041
    },
    "total_energy_hosts": 4023.789283962318,
    "total_link_energy": 7210.704731184938,
    "transfer_duration": 10.00916822885613
}