{
    "hosts": {
        "jgoldverg@gmail.com-cali": 25274.792017485957,
        "jgoldverg@gmail.com-macmini": 3553.960087440522,
        "router1": 35539.60087429794,
        "router2": 35539.60087429794,
        "router3": 35539.60087429794,
        "router4": 35539.60087429794,
        "router5": 35539.60087429794,
        "router6": 35539.60087429794,
        "router7": 35539.60087429794,
        "router8": 35539.60087429794
    },
    "links": {
        "__loopback__": 0.0,
        "link1": 91502.96227315874,
        "link2": 60327.32148630491,
        "link3": 60327.32148630491,
        "link4": 60327.32148630491,
        "link5": 60327.32148630491,
        "link6": 60327.32148630491,
        "link7": 60327.32148630491,
        "link8": 60327.32148630491,
        "link9": 91502.96227315874
    },
    "total_energy_hosts": 313145.55909931,
    "total_link_energy": 605297.1749504519,
    "transfer_duration": 710.7920174859588
}