{
    "hosts": {
        "destination": 10.008512995082187,
        "jgoldverg@gmail.com_system76": 10.00852379401099,
        "router1": 500.42562016792084,
        "router2": 500.42562016792084,
        "router3": 500.42562016792084,
        "router4": 500.42562016792084,
        "router5": 500.42562016792084,
        "router6": 500.42562016792084,
        "router7": 500.42562016792084,
        "router8": 500.42562016792084
    },
    "links": {
        "__loopback__": 0.0,
        "link1": 801.1066121527818,
        "link2": 801.1066121527818,
        "link3": 801.1066121527818,
        "link4": 801.1066121527818,
        "link5": 801.1066121527818,
        "link6": 801.1066121527818,
        "link7": 801.1066121527818,
        "link8": 801.1066121527818,
        "link9": 801.1066121527818
    },
    "total_energy_hosts": 4023.42199813246,
    "total_link_energy": 7209.959509375037,
    "transfer_duration": 10.008512403358417
}